시트,분류1,분류2,한글명,태그,NSFW,비고
태그기본,배경,무늬,미국 국기 무늬,american_flag,FALSE,
태그기본,배경,무늬,아가일 무늬,argyle,FALSE,
태그기본,배경,무늬,위장 무늬,camouflage,FALSE,
태그기본,배경,무늬,체크 무늬,checkered,FALSE,
태그기본,배경,무늬,사선 줄무늬,diagonal-striped,FALSE,
태그기본,배경,무늬,격자 무늬,plaid,FALSE,
태그기본,배경,무늬,물방울 무늬,polka_dot,FALSE,
태그기본,배경,무늬,인쇄한 무늬,print,FALSE,
태그기본,배경,무늬,무지개 무늬,rainbow,FALSE,
태그기본,배경,무늬,딸기 무늬,strawberry,FALSE,
태그기본,배경,무늬,줄무늬,striped,FALSE,
태그기본,배경,무늬,세로 줄무늬,vertical-striped,FALSE,
태그기본,배경,위치,뒤쪽 배경,background,FALSE,
태그기본,배경,위치,앞쪽 배경,foreground,FALSE,
태그기본,배경,컬러,보라색,Purple,FALSE,
태그기본,배경,컬러,빨강색,Red,FALSE,
태그기본,배경,컬러,검은색,black,FALSE,
태그기본,배경,컬러,파란색,blue,FALSE,
태그기본,배경,컬러,갈색,brown,FALSE,
태그기본,배경,컬러,내부 착색,colored_inner,FALSE,
태그기본,배경,컬러,황금색,golden,FALSE,
태그기본,배경,컬러,그라데이션,gradient,FALSE,
태그기본,배경,컬러,회색,gray,FALSE,
태그기본,배경,컬러,초록색,green,FALSE,
태그기본,배경,컬러,연두색,light_green,FALSE,
태그기본,배경,컬러,여러 색깔,multicolored,FALSE,
태그기본,배경,컬러,주황색,orange,FALSE,
태그기본,배경,컬러,분홍색,pink,FALSE,
태그기본,배경,컬러,무지개색,rainbow,FALSE,
태그기본,배경,컬러,하늘색,sky_blue,FALSE,
태그기본,배경,컬러,색깔 분열,split-color,FALSE,
태그기본,배경,컬러,줄무늬,streaked,FALSE,
태그기본,배경,컬러,투 톤,two-tone,FALSE,
태그기본,배경,컬러,흰색,white,FALSE,
태그기본,배경,컬러,노란색,yellow,FALSE,
태그기본,연출,액션,역동적인 각도,dynamic_angle,FALSE,
태그기본,연출,액션,역동적인 포즈,dynamic_pose,FALSE,
태그기본,연출,컷,1컷,1koma,FALSE,
태그기본,연출,컷,2컷,2koma,FALSE,
태그기본,연출,컷,3컷,3koma,FALSE,
태그기본,연출,컷,4컷,4koma,FALSE,
태그기본,연출,컷,5컷,5koma,FALSE,
태그기본,연출,컷,테두리 없는 컷,borderless_panels,FALSE,
태그기본,연출,컷,추가적인 컷씬,cross-section,FALSE,
태그기본,연출,컷,왼쪽에서 오른쪽 컷 진행,left-to-right_manga,FALSE,
태그기본,연출,컷,다중 4컷,multiple_4koma,FALSE,
태그기본,연출,컷,오른쪽에서 왼쪽 컷 진행,right-to-left_comic,FALSE,
태그기본,연출,컷,상하반전,upside-down,FALSE,
태그기본,연출,효과,반짝이는 입자 효과,*_light_particle,FALSE,
태그기본,연출,효과,캐릭터 주변을 휘몰아치는 효과,*_swirling_around_the_character,FALSE,
태그기본,연출,효과,파도 효과,Wave*_effect,FALSE,
태그기본,연출,효과,바람 효과,Wind*_effect,FALSE,
태그기본,연출,효과,블러 효과,effect*_blur,FALSE,
태그기본,연출,효과,광택 효과,effect*_glossy,FALSE,
태그기본,연출,효과,광선 효과,effect*_light_rays,FALSE,
태그기본,연출,효과,모션 블러 효과,effect*_motion_blur,FALSE,
태그기본,연출,효과,집중선 효과,effect*_speed_lines,FALSE,
태그기본,연출,효과,떨림 효과*,effect*_trembling,FALSE,
태그기본,연출,효과,불 효과,fire*_effect,FALSE,
태그기본,연출,효과,불이 휘몰아치는 효과,fire*_swirling_around_the_character,FALSE,
태그기본,연출,효과,화염 효과,flame*_effect,FALSE,
태그기본,연출,효과,보라색 입자가 반짝히는 효과,light*_Purple_particle,FALSE,
태그기본,연출,효과,빨강색 입자가 반짝히는 효과,light*_Red_particle,FALSE,
태그기본,연출,효과,검은색 입자가 반짝히는 효과,light*_black_particle,FALSE,
태그기본,연출,효과,파란색 입자가 반짝히는 효과,light*_blue_particle,FALSE,
태그기본,연출,효과,갈색 입자가 반짝히는 효과,light*_brown_particle,FALSE,
태그기본,연출,효과,황금색 입자가 반짝히는 효과,light*_golden_particle,FALSE,
태그기본,연출,효과,회색 입자가 반짝히는 효과,light*_gray_particle,FALSE,
태그기본,연출,효과,초록색 입자가 반짝히는 효과,light*_green_particle,FALSE,
태그기본,연출,효과,연두색 입자가 반짝히는 효과,light*_light_green_particle,FALSE,
태그기본,연출,효과,주황색 입자가 반짝히는 효과,light*_orange_particle,FALSE,
태그기본,연출,효과,분홍색 입자가 반짝히는 효과,light*_pink_particle,FALSE,
태그기본,연출,효과,무지개색 입자가 반짝히는 효과,light*_rainbow_particle,FALSE,
태그기본,연출,효과,하늘색 입자가 반짝히는 효과,light*_sky_blue_particle,FALSE,
태그기본,연출,효과,흰색 입자가 반짝히는 효과,light*_white_particle,FALSE,
태그기본,연출,효과,노란색 입자가 반짝히는 효과,light*_yellow_particle,FALSE,
태그기본,연출,효과,번개가 휘몰아치는 효과,lighting*_swirling_around_the_character,FALSE,
태그기본,연출,효과,번개 효과,lightning*_effect,FALSE,
태그기본,연출,효과,매지컬 효과,magical*_effect,FALSE,
태그기본,연출,효과,전기 효과,spark*_effect*_spark,FALSE,
태그기본,연출,효과,물이 휘몰아치는 효과,water*_swirling_around_the_character,FALSE,
태그기본,연출,효과,파도가 휘몰아치는 효과,wave*_swirling_around_the_character,FALSE,
태그기본,연출,효과,바람이 휘몰아치는 효과,wind*_swirling_around_the_character,FALSE,
태그기본,작화,스타일,미국 카툰,American_cartoon,FALSE,
태그기본,작화,스타일,미국 만화,American_comics,FALSE,
태그기본,작화,스타일,칼아츠 스타일,CalArts_style,FALSE,
태그기본,작화,스타일,카툰,Cartoon,FALSE,
태그기본,작화,스타일,카툰 네트워크,Cartoon_Network,FALSE,
태그기본,작화,스타일,DC 코믹스,DC_Comics,FALSE,
태그기본,작화,스타일,디즈니,Disney,FALSE,
태그기본,작화,스타일,그래픽 노벨,Graphic_Novel,FALSE,
태그기본,작화,스타일,삽화,Illustration,FALSE,
태그기본,작화,스타일,마블 코믹스,Marvel_Comics,FALSE,
태그기본,작화,스타일,흑백,Monochrome,FALSE,
태그기본,작화,스타일,소년 만화,Shonen_manga,FALSE,
태그기본,작화,스타일,웹툰,"Webtoon, Korea_Webtoon",FALSE,
태그기본,작화,스타일,애니메이션,"animation, Japanese_animation",FALSE,
태그기본,작화,스타일,에로 만화,eromanga,FALSE,
태그기본,작화,스타일,패러디,fine_art_parody={},FALSE,
태그기본,작화,스타일,픽시브,pixiv,FALSE,
태그기본,작화,스타일,패러디,style_parody={},FALSE,
태그기본,작화,화풍,게임,CG_game_cg,FALSE,
태그기본,작화,화풍,미국풍 실사체,"Cartoon_realistic, Cartoon_photorealistic",FALSE,
태그기본,작화,화풍,애니메이션,"anime_art_style, anime_screencap",FALSE,
태그기본,작화,화풍,미소녀,"bishoujo, mishoujo",FALSE,
태그기본,작화,화풍,가짜 손 그림,faux_traditional_media,FALSE,
태그기본,작화,화풍,선이 명확한,ligne_claire,FALSE,
태그기본,작화,화풍,일본풍 실사체,"manga_realistic, manga_photorealistic",FALSE,
태그기본,작화,화풍,픽셀,pixel_art,FALSE,
태그기본,작화,화풍,실사체,realistic,FALSE,
태그기본,작화,화풍,빈실사체,semi_realistic,FALSE,
태그기본,작화,화풍,스케치,sketch,FALSE,
태그기본,작화,화풍,손 그림,traditional_media,FALSE,
태그기본,작화,화풍,러프,unfinished,FALSE,
태그기본,장소,가게,무기창고,armory,FALSE,
태그기본,장소,가게,빵집,bakery,FALSE,
태그기본,장소,가게,서점,bookstore,FALSE,
태그기본,장소,가게,카페,cafe,FALSE,
태그기본,장소,가게,구내식당,cafeteria,FALSE,
태그기본,장소,가게,옷장,closet,FALSE,
태그기본,장소,가게,편의점,convenience_store,FALSE,
태그기본,장소,가게,식당,dining_room,FALSE,
태그기본,장소,가게,꽃집,flower_shop,FALSE,
태그기본,장소,가게,시장,market,FALSE,
태그기본,장소,가게,시장,market_stall,FALSE,
태그기본,장소,가게,야외,pharmacy,FALSE,
태그기본,장소,가게,레스토랑,restaurant,FALSE,
태그기본,장소,가게,샬롱,salon,FALSE,
태그기본,장소,가게,성인 도구가게,sex_shop,FALSE,
태그기본,장소,가게,가게,shop,FALSE,
태그기본,장소,가게,창고,storage_room,FALSE,
태그기본,장소,가게,슈퍼 마켓,supermarket,FALSE,
태그기본,장소,가게,무기상점,weapon_shop,FALSE,
태그기본,장소,가정,아파트,apartment,FALSE,
태그기본,장소,가정,화장실,bathroom,FALSE,
태그기본,장소,가정,욕조,bathtub,FALSE,
태그기본,장소,가정,침실,bedroom,FALSE,
태그기본,장소,가정,탈의실,changing_room,FALSE,
태그기본,장소,가정,옷장,closet,FALSE,
태그기본,장소,가정,탈의실,dressing_room,FALSE,
태그기본,장소,가정,피팅룸,fitting_room,FALSE,
태그기본,장소,가정,집,house,FALSE,
태그기본,장소,가정,오두막,hut,FALSE,
태그기본,장소,가정,주방,kitchen,FALSE,
태그기본,장소,가정,거실,living_room,FALSE,
태그기본,장소,가정,지저분한방,messy_room,FALSE,
태그기본,장소,가정,오타쿠방,otaku_room,FALSE,
태그기본,장소,가정,오두막집,shack,FALSE,
태그기본,장소,가정,샤워실,shower,FALSE,
태그기본,장소,가정,물 위의 집,stilt_house,FALSE,
태그기본,장소,가정,칸막이화장실,toilet_stall,FALSE,
태그기본,장소,가정,나무 위의집,treehouse,FALSE,
태그기본,장소,건축물,수로,aqueduct,FALSE,
태그기본,장소,건축물,종탑,bell_tower,FALSE,
태그기본,장소,건축물,시계탑,clock_tower,FALSE,
태그기본,장소,건축물,댐,dam,FALSE,
태그기본,장소,건축물,둑,dock,FALSE,
태그기본,장소,건축물,분수,fountain,FALSE,
태그기본,장소,건축물,경비탑,guard_tower,FALSE,
태그기본,장소,건축물,등대,lighthouse,FALSE,
태그기본,장소,건축물,거대 구조물,megastructure,FALSE,
태그기본,장소,건축물,탑,pagoda,FALSE,
태그기본,장소,건축물,마천루,skyscraper,FALSE,
태그기본,장소,건축물,우주 엘리베이터,space_elevator,FALSE,
태그기본,장소,건축물,탑,tower,FALSE,
태그기본,장소,국가,미국,America,FALSE,
태그기본,장소,국가,아르헨티나,Argentina,FALSE,
태그기본,장소,국가,아시아,Asia,FALSE,
태그기본,장소,국가,벨라루스,Belarus,FALSE,
태그기본,장소,국가,벨기에,Belgium,FALSE,
태그기본,장소,국가,브라질,Brazil,FALSE,
태그기본,장소,국가,영국,Briton,FALSE,
태그기본,장소,국가,불가리아,Bulgaria,FALSE,
태그기본,장소,국가,캐나다,Canada,FALSE,
태그기본,장소,국가,칠레,Chile,FALSE,
태그기본,장소,국가,중국,China,FALSE,
태그기본,장소,국가,콜롬비아,Colombia,FALSE,
태그기본,장소,국가,덴마크,Denmark,FALSE,
태그기본,장소,국가,핀란드,Finland,FALSE,
태그기본,장소,국가,프랑스,France,FALSE,
태그기본,장소,국가,그리스,Greece,FALSE,
태그기본,장소,국가,홍콩,Hong_Kong,FALSE,
태그기본,장소,국가,아이슬란드,Iceland,FALSE,
태그기본,장소,국가,아일랜드,Ireland,FALSE,
태그기본,장소,국가,이탈리아,Italy,FALSE,
태그기본,장소,국가,일본,Japan,FALSE,
태그기본,장소,국가,한국,Korea,FALSE,
태그기본,장소,국가,멕시코,Mexico,FALSE,
태그기본,장소,국가,모나코,Monaco,FALSE,
태그기본,장소,국가,몽골,Mongolia,FALSE,
태그기본,장소,국가,네덜란드,Netherlands,FALSE,
태그기본,장소,국가,북한,North_Korea,FALSE,
태그기본,장소,국가,노르웨이,Norway,FALSE,
태그기본,장소,국가,파라과이,Paraguay,FALSE,
태그기본,장소,국가,포르투갈,Portugal,FALSE,
태그기본,장소,국가,루마니아,Romania,FALSE,
태그기본,장소,국가,러시아,Russia,FALSE,
태그기본,장소,국가,스페인,Spain,FALSE,
태그기본,장소,국가,스웨덴,Sweden,FALSE,
태그기본,장소,국가,대만,Taiwan,FALSE,
태그기본,장소,국가,태국,Thailand,FALSE,
태그기본,장소,국가,터키,Turkey,FALSE,
태그기본,장소,국가,우크라이나,Ukraine,FALSE,
태그기본,장소,국가,우르과이,Uruguay,FALSE,
태그기본,장소,국가,바티칸,Vatican,FALSE,
태그기본,장소,국가,베트남,Vietnam,FALSE,
태그기본,장소,시설,빌딩,building,FALSE,
태그기본,장소,시설,군사 벙커,bunker,FALSE,
태그기본,장소,시설,성,castle,FALSE,
태그기본,장소,시설,교회,church,FALSE,
태그기본,장소,시설,도시,city,FALSE,
태그기본,장소,시설,교실,classroom,FALSE,
태그기본,장소,시설,동아리실,clubroom,FALSE,
태그기본,장소,시설,법정,courtroom,FALSE,
태그기본,장소,시설,1인 사무실,cubicle_1_cubicle,FALSE,
태그기본,장소,시설,지하 감옥,dungeon,FALSE,
태그기본,장소,시설,이동하는 도시,floating_city,FALSE,
태그기본,장소,시설,정원,garden,FALSE,
태그기본,장소,시설,묘지,graveyard,FALSE,
태그기본,장소,시설,병원,hospital,FALSE,
태그기본,장소,시설,호텔,hotel,FALSE,
태그기본,장소,시설,호텔방,hotel_room,FALSE,
태그기본,장소,시설,병실,infirmary,FALSE,
태그기본,장소,시설,도서관,library,FALSE,
태그기본,장소,시설,러브 호텔,love hotel,FALSE,
태그기본,장소,시설,군사 기지,military_base,FALSE,
태그기본,장소,시설,건물 난간,minaret,FALSE,
태그기본,장소,시설,사원,mosque,FALSE,
태그기본,장소,시설,사무실,office,FALSE,
태그기본,장소,시설,공원,park,FALSE,
태그기본,장소,시설,전화 부스,phone_booth,FALSE,
태그기본,장소,시설,감옥,prison,FALSE,
태그기본,장소,시설,감방,prison_cell,FALSE,
태그기본,장소,시설,건물 옥상,rooftop,FALSE,
태그기본,장소,시설,유적,ruins,FALSE,
태그기본,장소,시설,시골,rural,FALSE,
태그기본,장소,시설,학교,school,FALSE,
태그기본,장소,시설,신사,shrine,FALSE,
태그기본,장소,시설,직원실,staff_room,FALSE,
태그기본,장소,시설,절,temple,FALSE,
태그기본,장소,시설,마을,village,FALSE,
태그기본,장소,운동,볼링장,bowling_alley,FALSE,
태그기본,장소,운동,헬스장,gym,FALSE,
태그기본,장소,운동,체육관창고,gym_storeroom,FALSE,
태그기본,장소,운동,라커룸,locker_room,FALSE,
태그기본,장소,운동,운동장,playground,FALSE,
태그기본,장소,운동,수영장,pool,FALSE,
태그기본,장소,운동,풀사이드,poolside,FALSE,
태그기본,장소,운동,육상경기장,running_track,FALSE,
태그기본,장소,운동,스케이트장,skating_rink,FALSE,
태그기본,장소,운동,축구장,soccer_field,FALSE,
태그기본,장소,운동,워터파크,waterpark,FALSE,
태그기본,장소,유흥,영화관,amphitheater,FALSE,
태그기본,장소,유흥,놀이공원,amusement_park,FALSE,
태그기본,장소,유흥,수족관,aquarium,FALSE,
태그기본,장소,유흥,게임장,arcade,FALSE,
태그기본,장소,유흥,투기장,arena,FALSE,
태그기본,장소,유흥,미술관,art_gallery,FALSE,
태그기본,장소,유흥,술집,bar,FALSE,
태그기본,장소,유흥,회전목마,carousel,FALSE,
태그기본,장소,유흥,이벤트 무대,convention,FALSE,
태그기본,장소,유흥,관람차,ferris_wheel,FALSE,
태그기본,장소,유흥,쇼핑센터,mall,FALSE,
태그기본,장소,유흥,영화관,movie_theater,FALSE,
태그기본,장소,유흥,박물관,museum,FALSE,
태그기본,장소,유흥,클럽,nightclub,FALSE,
태그기본,장소,유흥,온천,onsen,FALSE,
태그기본,장소,유흥,롤러코스터,roller_coaster,FALSE,
태그기본,장소,유흥,경기장,stadium,FALSE,
태그기본,장소,유흥,무대,stage,FALSE,
태그기본,장소,유흥,원형극장,theater,FALSE,
태그기본,장소,유흥,동물원,zoo,FALSE,
태그기본,장소,이동,비행장,airfield,FALSE,
태그기본,장소,이동,공항,airport,FALSE,
태그기본,장소,이동,골목,alley,FALSE,
태그기본,장소,이동,다리,bridge,FALSE,
태그기본,장소,이동,운하,canal,FALSE,
태그기본,장소,이동,컨트롤 타워,control_tower,FALSE,
태그기본,장소,이동,횡단보도,crosswalk,FALSE,
태그기본,장소,이동,차고,garage,FALSE,
태그기본,장소,이동,주유소,gas_station,FALSE,
태그기본,장소,이동,격납고,hangar,FALSE,
태그기본,장소,이동,항구,harbor,FALSE,
태그기본,장소,이동,고속도로,highway,FALSE,
태그기본,장소,이동,선착장,jetty,FALSE,
태그기본,장소,이동,주차장,parking_lot,FALSE,
태그기본,장소,이동,길,path,FALSE,
태그기본,장소,이동,교각,pier,FALSE,
태그기본,장소,이동,교차로,railroad_crossing,FALSE,
태그기본,장소,이동,철도 선로,railroad_tracks,FALSE,
태그기본,장소,이동,도로,road,FALSE,
태그기본,장소,이동,밧줄 다리,rope_bridge,FALSE,
태그기본,장소,이동,활주로,runway,FALSE,
태그기본,장소,이동,보도,sidewalk,FALSE,
태그기본,장소,이동,돌 산책로,stone_walkway,FALSE,
태그기본,장소,이동,거리,street,FALSE,
태그기본,장소,이동,기차역,train_station,FALSE,
태그기본,장소,이동,터널,tunnel,FALSE,
태그기본,장소,이동,나무 다리,wooden_bridge,FALSE,
태그기본,장소,자연,대나무숲,bamboo_forest,FALSE,
태그기본,장소,자연,해변,beach,FALSE,
태그기본,장소,자연,협곡,canyon,FALSE,
태그기본,장소,자연,동굴,cave,FALSE,
태그기본,장소,자연,낭떠러지,cliff,FALSE,
태그기본,장소,자연,사막,desert,FALSE,
태그기본,장소,자연,섬이 떠다니다,floating_island,FALSE,
태그기본,장소,자연,온천,geyser,FALSE,
태그기본,장소,자연,빙하,glacier,FALSE,
태그기본,장소,자연,언덕,hill,FALSE,
태그기본,장소,자연,섬,island,FALSE,
태그기본,장소,자연,밀림,jungle,FALSE,
태그기본,장소,자연,호수,lake,FALSE,
태그기본,장소,자연,목초지,meadow,FALSE,
태그기본,장소,자연,산,mountain,FALSE,
태그기본,장소,자연,자연,nature,FALSE,
태그기본,장소,자연,오아시스,oasis,FALSE,
태그기본,장소,자연,대양,ocean,FALSE,
태그기본,장소,자연,해저,ocean_bottom,FALSE,
태그기본,장소,자연,연못,pond,FALSE,
태그기본,장소,자연,강,river,FALSE,
태그기본,장소,자연,사바나,savannah,FALSE,
태그기본,장소,자연,해변가,shore,FALSE,
태그기본,장소,자연,개울,stream,FALSE,
태그기본,장소,자연,화산,volcano,FALSE,
태그기본,장소,자연,황무지,wasteland,FALSE,
태그기본,장소,자연,폭포,waterfall,FALSE,
태그기본,장소,현장,외양간,barn,FALSE,
태그기본,장소,현장,온실,conservatory,FALSE,
태그기본,장소,현장,건설현장,construction_site,FALSE,
태그기본,장소,현장,냉각탑,cooling_tower,FALSE,
태그기본,장소,현장,공장,factory,FALSE,
태그기본,장소,현장,밭,field,FALSE,
태그기본,장소,현장,꽃밭,flower_field,FALSE,
태그기본,장소,현장,(정원의) 정자,gazebo,FALSE,
태그기본,장소,현장,온실,greenhouse,FALSE,
태그기본,장소,현장,실험실,laboratory,FALSE,
태그기본,장소,현장,원자력 발전소,nuclear_powerplant,FALSE,
태그기본,장소,현장,발전소,powerplant,FALSE,
태그기본,장소,현장,정련소,refinery,FALSE,
태그기본,장소,현장,쌀밭,rice_paddy,FALSE,
태그기본,장소,현장,창고,warehouse,FALSE,
태그기본,장소,현장,밀밭,wheat_field,FALSE,
태그기본,장소,현장,작업장,workshop,FALSE,
태그기본,초점,강조,얼굴~허벅지에 집중한다,cowboy_shot,FALSE,
태그기본,초점,강조,얼굴을 강조한다,face,FALSE,
태그기본,초점,강조,얼굴~발목에 집중한다,feet_out_of_frame,FALSE,
태그기본,초점,강조,몸에 집중한다,fullbody,FALSE,
태그기본,초점,강조,하체에 집중한다,lower_body,FALSE,
태그기본,초점,강조,초상화,portrait,FALSE,
태그기본,초점,강조,상체에 집중한다,upper_body,FALSE,
태그기본,초점,강조,더 멀리서 몸에 집중한다,very_wide_shot,FALSE,
태그기본,초점,강조,멀리서 몸에 집중한다,wide_shot,FALSE,
태그기본,초점,시점,눈을 보고 있다,eye_contact,FALSE,
태그기본,초점,시점,먼 곳을 보고 있다,looking_afar,FALSE,
태그기본,초점,시점,다른 사람을 보고 있다,looking_at_another,FALSE,
태그기본,초점,시점,엉덩이를 보고 있다,looking_at_ass,FALSE,
태그기본,초점,시점,가슴을 보고 있다,looking_at_breasts,FALSE,
태그기본,초점,시점,손을 보고 있다,looking_at_hand,FALSE,
태그기본,초점,시점,거울을 보고 있다,looking_at_mirror,FALSE,
태그기본,초점,시점,휴대전화를 보고 있다,looking_at_phone,FALSE,
태그기본,초점,시점,뷰어를 보고 있다,looking_at_viewer,FALSE,
태그기본,초점,시점,옆을 보고 있다,looking_away,FALSE,
태그기본,초점,시점,뒤를 보고 있다,looking_back,FALSE,
태그기본,초점,시점,아래를 보고 있다,looking_down,FALSE,
태그기본,초점,시점,앞을 보고 있다,looking_front,FALSE,
태그기본,초점,시점,밖을 보고 있다,looking_outside,FALSE,
태그기본,초점,시점,안경 밖을 보고 있다,looking_over_eyewear,FALSE,
태그기본,초점,시점,다리를 보고 있다,looking_through_legs,FALSE,
태그기본,초점,시점,측면을 보고 있다,looking_to_the_side,FALSE,
태그기본,초점,시점,위를 보고 있다,looking_up,FALSE,
태그기본,초점,집중,겨드랑이에 집중한다,armpit_focus,FALSE,
태그기본,초점,집중,엉덩이에 집중한다,ass_focus,FALSE,
태그기본,초점,집중,뒤에 집중한다,back_focus,FALSE,
태그기본,초점,집중,가슴에 집중한다,breast_focus,FALSE,
태그기본,초점,집중,눈에 집중한다,eye_focus,FALSE,
태그기본,초점,집중,발에 집중한다,foot_focus,FALSE,
태그기본,초점,집중,앞에 집중한다,front_focus,FALSE,
태그기본,초점,집중,여자에게 집중한다,girl_focus,FALSE,
태그기본,초점,집중,손에 집중한다,hand_focus,FALSE,
태그기본,초점,집중,엉덩이에 집중한다,hip_focus,FALSE,
태그기본,초점,집중,남자에게 집중한다,male_focus,FALSE,
태그기본,초점,집중,배꼽에 집중한다,navel_focus,FALSE,
태그기본,초점,집중,밖에 집중한다,other_focus,FALSE,
태그기본,초점,집중,가슴에 집중한다,pectoral_focus,FALSE,
태그기본,초점,집중,단독 집중,solo_focus,FALSE,
태그기본,초점,집중,허벅지에 집중한다,thigh_focus,FALSE,
태그기본,테마,도구,아크릴 물감,acrylic_paint,FALSE,
태그기본,테마,도구,에어브러시,airbrush,FALSE,
태그기본,테마,도구,볼펜,ballpoint_pen,FALSE,
태그기본,테마,도구,브러시,brush,FALSE,
태그기본,테마,도구,서예 붓,calligraphy_brush,FALSE,
태그기본,테마,도구,캔버스,canvas,FALSE,
태그기본,테마,도구,분필,chalk,FALSE,
태그기본,테마,도구,숯,charcoal,FALSE,
태그기본,테마,도구,색 잉크,color_ink,FALSE,
태그기본,테마,도구,색연필,colored_pencil,FALSE,
태그기본,테마,도구,플라스틱 연필,coupy_pencil,FALSE,
태그기본,테마,도구,크레용,crayon,FALSE,
태그기본,테마,도구,구아슈,gouache,FALSE,
태그기본,테마,도구,흑연,graphite,FALSE,
태그기본,테마,도구,잉크,ink,FALSE,
태그기본,테마,도구,마커,marker,FALSE,
태그기본,테마,도구,밀리펜,millipen,FALSE,
태그기본,테마,도구,펜촉,nib_pen,FALSE,
태그기본,테마,도구,유화,oil_painting,FALSE,
태그기본,테마,도구,회화,painting,FALSE,
태그기본,테마,도구,파스텔,pastel,FALSE,
태그기본,테마,도구,수채화,watercolor,FALSE,
태그기본,테마,도구,수채화 연필,watercolor_pencil,FALSE,
태그기본,테마,미술,바로크,Baroque,FALSE,
태그기본,테마,미술,르네상스,Renaissance,FALSE,
태그기본,테마,미술,로코코,Rococo,FALSE,
태그기본,테마,미술,낭만주의,Romanticism,FALSE,
태그기본,테마,미술,아르데코,art_deco,FALSE,
태그기본,테마,미술,아르누보,art_nouveau,FALSE,
태그기본,테마,미술,콘트라포스토,contrapposto,FALSE,
태그기본,테마,미술,화염주의,flame_painter,FALSE,
태그기본,테마,미술,인상주의,impressionism,FALSE,
태그기본,테마,미술,미니멀리즘,minimalism,FALSE,
태그기본,테마,미술,일본화,nihonga,FALSE,
태그기본,테마,미술,일본 페인팅,sumi-e,FALSE,
태그기본,테마,미술,초현실주의,surreal,FALSE,
태그기본,테마,미술,우키요에,ukiyo-e,FALSE,
태그기본,테마,신화,아즈텍 신화,Aztec_mythology,FALSE,
태그기본,테마,신화,켈트 신화,Celtic_mythology,FALSE,
태그기본,테마,신화,중국 신화,Chinese_mythology,FALSE,
태그기본,테마,신화,이집트 신화,Egyptian_mythology,FALSE,
태그기본,테마,신화,그리스 신화,Greek_mythology,FALSE,
태그기본,테마,신화,인도 신화,Indian_mythology,FALSE,
태그기본,테마,신화,일본 신화,Japanese_mythology,FALSE,
태그기본,테마,신화,북유럽 신화,Nordic_mythology,FALSE,
태그기본,테마,신화,슬라브 신화,Slavic_mythology,FALSE,
태그기본,테마,신화,수메르 신화,Sumerian_mythology,FALSE,
태그기본,테마,연도,00년대,00s-anime-aesthetic,FALSE,
태그기본,테마,연도,10년대,10s-anime-aesthetic,FALSE,
태그기본,테마,연도,20년대,20s-anime-aesthetic,FALSE,
태그기본,테마,연도,30년대,30s-anime-aesthetic,FALSE,
태그기본,테마,연도,40년대,40s-anime-aesthetic,FALSE,
태그기본,테마,연도,50년대,50s-anime-aesthetic,FALSE,
태그기본,테마,연도,60년대,60s-anime-aesthetic,FALSE,
태그기본,테마,연도,70년대,70s-anime-aesthetic,FALSE,
태그기본,테마,연도,80년대,80s-anime-aesthetic,FALSE,
태그기본,테마,연도,90년대,90s-anime-aesthetic,FALSE,
태그기본,테마,음악,애니메이션 음악,Animated_music,FALSE,
태그기본,테마,음악,발라드,Ballad,FALSE,
태그기본,테마,음악,블루스,Blues,FALSE,
태그기본,테마,음악,시티 팝,City_Pop,FALSE,
태그기본,테마,음악,클래식,Classic,FALSE,
태그기본,테마,음악,댄스,Dance,FALSE,
태그기본,테마,음악,디스코,Disco,FALSE,
태그기본,테마,음악,일렉트로니카,Electronica,FALSE,
태그기본,테마,음악,엔카,Enka,FALSE,
태그기본,테마,음악,유로비트,Eurobeat,FALSE,
태그기본,테마,음악,포크,Fork,FALSE,
태그기본,테마,음악,펑크,Funk,FALSE,
태그기본,테마,음악,게임 음악,Game_music,FALSE,
태그기본,테마,음악,가스펠,Gaspel,FALSE,
태그기본,테마,음악,재즈,Jazz,FALSE,
태그기본,테마,음악,뉴에이지 음악,New_Age_music,FALSE,
태그기본,테마,음악,뉴뮤직,New_Music,FALSE,
태그기본,테마,음악,팝,Pop,FALSE,
태그기본,테마,음악,레게,Reggae,FALSE,
태그기본,테마,음악,록,Rock,FALSE,
태그기본,테마,음악,로큰롤,Rock_and_roll,FALSE,
태그기본,테마,음악,트로트,Teuroteu,FALSE,
태그기본,테마,음악,전자 음악,electronic_music,FALSE,
태그기본,테마,음악,소울 음악,soulfulmusic,FALSE,
태그기본,테마,장르,아케인펑크,Arcanepunk,FALSE,
태그기본,테마,장르,사이버펑크,Cyberpunk,FALSE,
태그기본,테마,장르,다크 판타지,Dark_Fantasy,FALSE,
태그기본,테마,장르,디젤펑크,Dieselpunk,FALSE,
태그기본,테마,장르,판타지,Fantasy,FALSE,
태그기본,테마,장르,고딕 판타지,Gothic_Fantasy,FALSE,
태그기본,테마,장르,로맨스 판타지,Romance_Fantasy,FALSE,
태그기본,테마,장르,스팀펑크,Steampunk,FALSE,
태그기본,테마,장르,어반 판타지,Urban_Fantasy,FALSE,
태그기본,테마,포르노,AV,Adult_Video,TRUE,
태그기본,테마,포르노,리벤지 포르노,Revenge_Porn,TRUE,
태그기본,테마,포르노,섹스 비디오,Sex_Video,TRUE,
태그기본,테마,포르노,포르노,porn,TRUE,
태그기본,테마,표지,앨범 표지,album_cover,FALSE,
태그기본,테마,표지,싱글 캐릭터 표지,character_single,FALSE,
태그기본,테마,표지,작품 표지,cover_page,FALSE,
태그기본,테마,표지,동인지 표지,doujin_cover,FALSE,
태그기본,테마,표지,가짜 표지,fake_cover,FALSE,
태그기본,테마,표지,잡지 표지,magazine_cover,FALSE,
태그기본,테마,표지,만화 표지,manga_cover,FALSE,
태그기본,테마,표지,비디오 게임 표지,video_game_cover,FALSE,
태그기본,품질,디테일,특정한 디테일,detailed_*,FALSE,
태그기본,품질,디테일,원하는 디테일,drooling from_*,FALSE,
태그기본,품질,디테일,세세한 디테일,finely_detailed,FALSE,
태그기본,품질,디테일,복잡한 디테일,intricate_details,FALSE,
태그기본,품질,디테일,높은 디테일,"super_detail, hyper_detail",FALSE,
태그기본,품질,완성도,흐릿한 이미지,"blurry, blurry_image",FALSE,
태그기본,품질,완성도,뚜렷한 이미지,"distinct, distinct_image",FALSE,
태그기본,품질,완성도,복수의 신체,"extra_anatomy, extra_body, extra_navel, extra_face, extra_eyes, extra_chest, extra_nipples, extra_hips, extra_arms, extra_hands, extra_fingers, extra_legs, extra_feet, extra_toe",FALSE,
태그기본,품질,완성도,명작,"masterpiece, masterpiece_portrait",FALSE,
태그기본,품질,완성도,잘못된 신체,"missing_anatomy, missing_body, missing_navel, missing_face, missing_eyes, missing_chest, missing_nipples, missing_hips, missing_arms, missing_hands, missing_fingers, missing_legs, missing_feet, missing_toe",FALSE,
태그기본,품질,완성도,완벽한 신체,"perfect_anatomy, perfect_body, perfect_navel, perfect_face, perfect_eyes, perfect_chest, perfect_nipples, perfect_hips, perfect_arms, perfect_hands, perfect_fingers, perfect_legs, perfect_feet, perfect_toe",FALSE,
태그기본,품질,해상도,저화질,"Low_picture_quality, Low_picture_anime",FALSE,
태그기본,품질,해상도,낮은 해상도,"Lowres, Low_resolution",FALSE,
태그기본,품질,해상도,고화질,"high_quality, high_quality_anime",FALSE,
태그기본,품질,해상도,높은 해상도,"highres, high_resolution",FALSE,
태그인물,인물,관계,이모와 남자 조카,aunt_and_nephew,FALSE,
태그인물,인물,관계,이모와 여자 조카,aunt_and_niece,FALSE,
태그인물,인물,관계,아버지와 딸,father_and_daughter,FALSE,
태그인물,인물,관계,아버지와 아들,father_and_son,FALSE,
태그인물,인물,관계,할아버지와 손녀,grandfather_and_granddaughter,FALSE,
태그인물,인물,관계,할아버지와 손자,grandfather_and_grandson,FALSE,
태그인물,인물,관계,할머니와 손녀,grandmother_and_granddaughter,FALSE,
태그인물,인물,관계,할머니와 손자,grandmother_and_grandson,FALSE,
태그인물,인물,관계,어머니와 딸,mother_and_daughter,FALSE,
태그인물,인물,관계,어머니와 아들,mother_and_son,FALSE,
태그인물,인물,관계,삼촌과 남자 조카,uncle_and_nephew,FALSE,
태그인물,인물,관계,삼촌과 여자 조카,uncle_and_niece,FALSE,
태그인물,인물,위치,여동생,Younger_Sister,FALSE,
태그인물,인물,위치,남동생,Younger_brother,FALSE,
태그인물,인물,위치,이모,aunt,FALSE,
태그인물,인물,위치,형,brother,FALSE,
태그인물,인물,위치,형제와 자매,brother_and_sister,FALSE,
태그인물,인물,위치,형제,brothers,FALSE,
태그인물,인물,위치,사촌,cousins,FALSE,
태그인물,인물,위치,딸,daughter,FALSE,
태그인물,인물,위치,아버지,father,FALSE,
태그인물,인물,위치,할아버지,granddaughter,FALSE,
태그인물,인물,위치,할머니,grandmother,FALSE,
태그인물,인물,위치,이복 형제자매,half-siblings,FALSE,
태그인물,인물,위치,어머니,mother,FALSE,
태그인물,인물,위치,다태아,multiple_births,FALSE,
태그인물,인물,위치,누나,older_sister,FALSE,
태그인물,인물,위치,네 쌍둥이,quadruplets,FALSE,
태그인물,인물,위치,일곱 쌍둥이,septuplets,FALSE,
태그인물,인물,위치,다섯 쌍둥이,sextuplets,FALSE,
태그인물,인물,위치,형제,siblings,FALSE,
태그인물,인물,위치,자매,sisters,FALSE,
태그인물,인물,위치,아들,son,FALSE,
태그인물,인물,위치,의붓 형제,step-siblings,FALSE,
태그인물,인물,위치,세 쌍둥이,triplets,FALSE,
태그인물,인물,위치,쌍둥이,twins,FALSE,
태그인물,인물,위치,삼촌,uncle,FALSE,
태그인물,인원,남성,남성 1명,1boy,FALSE,
태그인물,인원,남성,남성 2명,2boys,FALSE,
태그인물,인원,남성,남성 3명,3boys,FALSE,
태그인물,인원,남성,남성 4명,4boys,FALSE,
태그인물,인원,남성,남성 5명,5boys,FALSE,
태그인물,인원,남성,남성 6명,6+boys,FALSE,
태그인물,인원,숫자,1명,1other,FALSE,
태그인물,인원,숫자,2명,2others,FALSE,
태그인물,인원,숫자,3명,3others,FALSE,
태그인물,인원,숫자,4명,4others,FALSE,
태그인물,인원,숫자,5명,5others,FALSE,
태그인물,인원,숫자,6명,6others,FALSE,
태그인물,인원,숫자,혼자,solo,FALSE,캐릭터 외형 고정용 · 원본 시트에 없어 추가
태그인물,인원,여성,여성 1명,1girl,FALSE,
태그인물,인원,여성,여성 2명,2girls,FALSE,
태그인물,인원,여성,여성 3명,3girls,FALSE,
태그인물,인원,여성,여성 4명,4girls,FALSE,
태그인물,인원,여성,여성 5명,5girls,FALSE,
태그인물,인원,여성,여성 6명,6+girls,FALSE,
태그인물,인종,국가,미국인,American,FALSE,
태그인물,인종,국가,아르헨티나인,Argentines,FALSE,
태그인물,인종,국가,벨라루스인,Belarusian_people,FALSE,
태그인물,인종,국가,벨기에인,Belgians,FALSE,
태그인물,인종,국가,브라질인,Brazilians,FALSE,
태그인물,인종,국가,영국인,British,FALSE,
태그인물,인종,국가,불가리아인,Bulgarian,FALSE,
태그인물,인종,국가,캐나다인,Canadian,FALSE,
태그인물,인종,국가,칠레인,Chilean_people,FALSE,
태그인물,인종,국가,중국인,Chinese,FALSE,
태그인물,인종,국가,콜롬비아인,Colombian_people,FALSE,
태그인물,인종,국가,덴마크인,Danish_people,FALSE,
태그인물,인종,국가,네덜란드인,Dutch,FALSE,
태그인물,인종,국가,핀란드인,Finns,FALSE,
태그인물,인종,국가,프랑스인,French,FALSE,
태그인물,인종,국가,그리스인,Greeks,FALSE,
태그인물,인종,국가,홍콩인,Hong_Kong_people,FALSE,
태그인물,인종,국가,아이슬란드인,Icelanders,FALSE,
태그인물,인종,국가,아일랜드인,Irishman,FALSE,
태그인물,인종,국가,이탈리아인,Italians,FALSE,
태그인물,인종,국가,일본인,Japanese,FALSE,
태그인물,인종,국가,한국인,Korean,FALSE,
태그인물,인종,국가,멕시코인,Mexicans,FALSE,
태그인물,인종,국가,몽골인,Mongolians,FALSE,
태그인물,인종,국가,북한인,North_Korean,FALSE,
태그인물,인종,국가,노르웨이인,Norwegian_people,FALSE,
태그인물,인종,국가,파라과이인,Paraguayan_people,FALSE,
태그인물,인종,국가,모나코인,People_of_Monaco,FALSE,
태그인물,인종,국가,포르투갈인,Portuguese_people,FALSE,
태그인물,인종,국가,루마니아인,Romanian_people,FALSE,
태그인물,인종,국가,러시아인,Russian_people_of_Russia,FALSE,
태그인물,인종,국가,스페인인,Spanish,FALSE,
태그인물,인종,국가,스웨덴인,Swedes,FALSE,
태그인물,인종,국가,대만인,Taiwanese,FALSE,
태그인물,인종,국가,태국인,Thai,FALSE,
태그인물,인종,국가,터키인,Turkish_people,FALSE,
태그인물,인종,국가,우크라이나인,Ukrainians,FALSE,
태그인물,인종,국가,우루과이인,Uruguayan_people,FALSE,
태그인물,인종,국가,바티칸인,Vatican_people,FALSE,
태그인물,인종,국가,베트남인,Vietnamese_people,FALSE,
태그인물,인종,피부색,동양계 쿼터,Eastern_Quota,FALSE,
태그인물,인종,피부색,백인,White_man,FALSE,
태그인물,인종,피부색,동앙계 혼혈,a_mixed_Eastern_blood,FALSE,
태그인물,인종,피부색,흑인계 혼혈,a_mixed_race_of_black_people,FALSE,
태그인물,인종,피부색,백인계 혼혈,a_mixed_race_of_white_blood,FALSE,
태그인물,인종,피부색,흑인,black_man,FALSE,
태그인물,인종,피부색,흑인계 쿼터,black_quarter,FALSE,
태그인물,인종,피부색,백인계 쿼터,white_quarter,FALSE,
태그인물,인종,피부색,황인,yellow_man,FALSE,
태그인물,종족,동물,고릴라,Gorilla,FALSE,
태그인물,종족,동물,박쥐,bat,FALSE,
태그인물,종족,동물,곰,bear,FALSE,
태그인물,종족,동물,고양이,cat,FALSE,
태그인물,종족,동물,소,cow,FALSE,
태그인물,종족,동물,사슴,deer,FALSE,
태그인물,종족,동물,강아지,dog,FALSE,
태그인물,종족,동물,족제비,ferret,FALSE,
태그인물,종족,동물,여우,fox,FALSE,
태그인물,종족,동물,염소,goat,FALSE,
태그인물,종족,동물,말,horse,FALSE,
태그인물,종족,동물,사자,lion,FALSE,
태그인물,종족,동물,쥐,mouse,FALSE,
태그인물,종족,동물,팬더,panda,FALSE,
태그인물,종족,동물,돼지,pig,FALSE,
태그인물,종족,동물,토끼,rabbit,FALSE,
태그인물,종족,동물,너구리,raccoon,FALSE,
태그인물,종족,동물,양,sheep,FALSE,
태그인물,종족,동물,다람쥐,squirrel,FALSE,
태그인물,종족,동물,호랑이,tiger,FALSE,
태그인물,종족,동물,늑대,wolf,FALSE,
태그인물,종족,수인,고릴라 인간,Gorilla_human,FALSE,
태그인물,종족,수인,돼지 인간,Pig_human,FALSE,
태그인물,종족,수인,늑대 인간,Werewolf,FALSE,
태그인물,종족,수인,박쥐 인간,bat_human,FALSE,
태그인물,종족,수인,곰 인간,bear_human,FALSE,
태그인물,종족,수인,고양이 인간,cat_human,FALSE,
태그인물,종족,수인,소 인간,cow_human,FALSE,
태그인물,종족,수인,사슴 인간,deer_human,FALSE,
태그인물,종족,수인,강아지 인간,dog_human,FALSE,
태그인물,종족,수인,족제비 인간,ferret_human,FALSE,
태그인물,종족,수인,여우 인간,fox_human,FALSE,
태그인물,종족,수인,염소 인간,goat_human,FALSE,
태그인물,종족,수인,말 인간,horse_human,FALSE,
태그인물,종족,수인,사자 인간,lion_human,FALSE,
태그인물,종족,수인,원숭이 인간,monkey_human,FALSE,
태그인물,종족,수인,쥐 인간,mouse_human,FALSE,
태그인물,종족,수인,팬더 인간,panda_human,FALSE,
태그인물,종족,수인,토끼 인간,rabbit_human,FALSE,
태그인물,종족,수인,너구리 인간,raccoon_human,FALSE,
태그인물,종족,수인,양 인간,sheep_human,FALSE,
태그인물,종족,수인,다람쥐 인간,squirrel_human,FALSE,
태그인물,종족,수인,호랑이 인간,tiger_human,FALSE,
태그인물,종족,판타지,천사,Angel,FALSE,
태그인물,종족,판타지,다크 엘프,Dark_Elf,FALSE,
태그인물,종족,판타지,용,Dragon,FALSE,
태그인물,종족,판타지,엘프,Elf,FALSE,
태그인물,종족,판타지,요정,Fairy,FALSE,
태그인물,종족,판타지,유령,Ghost,FALSE,
태그인물,종족,판타지,고블린,Goblin,FALSE,
태그인물,종족,판타지,하이 엘프,High_Elf,FALSE,
태그인물,종족,판타지,요괴,Monster,FALSE,
태그인물,종족,판타지,오크,Orc,FALSE,
태그인물,종족,판타지,슬라임,Slime,FALSE,
태그인물,종족,판타지,정령,Spirit,FALSE,
태그인물,종족,판타지,흡혈귀,Vampire,FALSE,
태그인물,종족,판타지,악마,devil,FALSE,
태그인물,종족,퍼리,고릴라 수인,Gorilla_furry,FALSE,
태그인물,종족,퍼리,족제비 수인,_ferret_furry,FALSE,
태그인물,종족,퍼리,박쥐 수인,bat_furry,FALSE,
태그인물,종족,퍼리,곰 수인,bear_furry,FALSE,
태그인물,종족,퍼리,고양이 수인,cat_furry,FALSE,
태그인물,종족,퍼리,소 수인,cow_furry,FALSE,
태그인물,종족,퍼리,사슴 수인,deer_furry,FALSE,
태그인물,종족,퍼리,강아지 수인,dog_furry,FALSE,
태그인물,종족,퍼리,여우 수인,fox_furry,FALSE,
태그인물,종족,퍼리,염소 수인,goat_furry,FALSE,
태그인물,종족,퍼리,말 수인,horse_furry,FALSE,
태그인물,종족,퍼리,사자 수인,lion_furry,FALSE,
태그인물,종족,퍼리,원숭이 순인,monkey_furry,FALSE,
태그인물,종족,퍼리,쥐 수인,mouse_furry,FALSE,
태그인물,종족,퍼리,팬더 수인,panda_furry,FALSE,
태그인물,종족,퍼리,돼지 수인,pig_furry,FALSE,
태그인물,종족,퍼리,토끼 수인,rabbit_furry,FALSE,
태그인물,종족,퍼리,너구리 수인,raccoon_furry,FALSE,
태그인물,종족,퍼리,양 수인,sheep_furry,FALSE,
태그인물,종족,퍼리,다람쥐 수인,squirrel_furry,FALSE,
태그인물,종족,퍼리,호랑이 수인,tiger_furry,FALSE,
태그인물,종족,퍼리,늑대 수인,wolf_furry,FALSE,
태그인물,직업,과학,화학자,chemist,FALSE,
태그인물,직업,과학,엔지니어,engineer,FALSE,
태그인물,직업,과학,과학자,scientist,FALSE,
태그인물,직업,교육,영어 교사,English_teacher,FALSE,
태그인물,직업,교육,보건 교사,health_teacher,FALSE,
태그인물,직업,교육,수학 교사,math_teacher,FALSE,
태그인물,직업,교육,보건 교사,school_nurse,FALSE,
태그인물,직업,교육,과학 교사,science_teacher,FALSE,
태그인물,직업,교육,교사,teacher,FALSE,
태그인물,직업,메이드,차이나 메이드,China-style_Maid,FALSE,
태그인물,직업,메이드,클래식 메이드,Classic_maid,FALSE,
태그인물,직업,메이드,사이버 메이드,CyberMaid,FALSE,
태그인물,직업,메이드,팔러 메이드,Faller_Maid,FALSE,
태그인물,직업,메이드,프렌치 메이드,French_Maid,FALSE,
태그인물,직업,메이드,하우스 메이드,House_Maid,FALSE,
태그인물,직업,메이드,하우스키퍼,Housekeeper,FALSE,
태그인물,직업,메이드,일본풍 메이드,Japanese-style_Maid,FALSE,
태그인물,직업,메이드,키친 메이드,Kitchen_Maid,FALSE,
태그인물,직업,메이드,레이디스 메이드,Ladies_Maid,FALSE,
태그인물,직업,메이드,밀리터리 메이드,Military_Maid,FALSE,
태그인물,직업,메이드,너스 메이드,Nurse_Maid,FALSE,
태그인물,직업,메이드,스팀펑크 메이드,Steampunk_Maid,FALSE,
태그인물,직업,메이드,빅토리아 메이드,Victoria_Maid,FALSE,
태그인물,직업,메이드,메이드,maid,FALSE,
태그인물,직업,서비스,바텐더,bartender,FALSE,
태그인물,직업,서비스,집사,butler,FALSE,
태그인물,직업,서비스,카운터 직원,cashier,FALSE,
태그인물,직업,서비스,웨이터,waiter,FALSE,
태그인물,직업,서비스,웨이트리스,waitress,FALSE,
태그인물,직업,성인,포르노 배우,Porno_Actor,FALSE,
태그인물,직업,성인,걸레,Skank,FALSE,
태그인물,직업,성인,암캐,Slut,FALSE,
태그인물,직업,성인,창녀,bitch,FALSE,
태그인물,직업,성인,콜걸,call_girl,FALSE,
태그인물,직업,성인,매춘부,prostitution,FALSE,
태그인물,직업,성인,스트립퍼,stripper,FALSE,
태그인물,직업,성인,빗치,whore,FALSE,
태그인물,직업,신분,지배자,dominatrix,FALSE,
태그인물,직업,신분,농장주,farmer,FALSE,
태그인물,직업,신분,왕,king,FALSE,
태그인물,직업,신분,죄인,prisoner,FALSE,
태그인물,직업,신분,여왕,queen,FALSE,
태그인물,직업,신분,노예,slave,FALSE,
태그인물,직업,예술,남성 배우,actor,FALSE,
태그인물,직업,예술,여성 배우,actress,FALSE,
태그인물,직업,예술,예술가,artist,FALSE,
태그인물,직업,예술,게이샤,geisha,FALSE,
태그인물,직업,예술,아이돌,idol,FALSE,
태그인물,직업,예술,음악가,musician,FALSE,
태그인물,직업,예술,화가,painter,FALSE,
태그인물,직업,운동,야구선수,Baseball_player,FALSE,
태그인물,직업,운동,축구선수,Footballer,FALSE,
태그인물,직업,운동,농구선수,a_basketball_player.,FALSE,
태그인물,직업,운동,운동선수,athlete,FALSE,
태그인물,직업,운동,자전거 선수,cyclist,FALSE,
태그인물,직업,운동,골프 선수,golfer,FALSE,
태그인물,직업,운동,테니스 선수,tennis_player,FALSE,
태그인물,직업,운동,배구선수,volleyball_player,FALSE,
태그인물,직업,의료,치과 의사,dentist,FALSE,
태그인물,직업,의료,의사,doctor,FALSE,
태그인물,직업,의료,간호사,nurse,FALSE,
태그인물,직업,이동,운전사,driver,FALSE,
태그인물,직업,이동,비행기 안내원,flight_attendant,FALSE,
태그인물,직업,이동,조종사,pilot,FALSE,
태그인물,직업,이동,기차 안내원,train_attendant,FALSE,
태그인물,직업,이동,기차 운전사,train_conductor,FALSE,
태그인물,직업,이동,트럭 운전사,trucker,FALSE,
태그인물,직업,일반,강도,burglar,FALSE,
태그인물,직업,일반,건설 노동자,construction_worker,FALSE,
태그인물,직업,일반,상인,croupier,FALSE,
태그인물,직업,일반,꽃집 직원,florist,FALSE,
태그인물,직업,일반,갸루,gyaru,FALSE,
태그인물,직업,일반,해커,hacker,FALSE,
태그인물,직업,일반,판사,judge,FALSE,
태그인물,직업,일반,사서,librarian,FALSE,
태그인물,직업,일반,나무꾼,lumberjack,FALSE,
태그인물,직업,일반,정비공,mechanic,FALSE,
태그인물,직업,일반,상인,merchant,FALSE,
태그인물,직업,일반,광부,miner,FALSE,
태그인물,직업,일반,회사원(여성),office_lady,FALSE,
태그인물,직업,일반,정치가,politician,FALSE,
태그인물,직업,일반,회사원(남성),salaryman,FALSE,
태그인물,직업,일반,양치기,shepherd,FALSE,
태그인물,직업,일반,학생,student,FALSE,
태그인물,직업,일반,테러리스트,terrorist,FALSE,
태그인물,직업,전문,우주 비행사,astronaut,FALSE,
태그인물,직업,전문,친위대,bodyguard,FALSE,
태그인물,직업,전문,요리사,chef,FALSE,
태그인물,직업,전문,지휘자,conductor,FALSE,
태그인물,직업,전문,소방관,firefighter,FALSE,
태그인물,직업,전문,경비원,guard,FALSE,
태그인물,직업,전문,관리인,janitor,FALSE,
태그인물,직업,전문,근위대,lifeguard,FALSE,
태그인물,직업,전문,군인(장교),officer,FALSE,
태그인물,직업,전문,경찰,police,FALSE,
태그인물,직업,전문,선원,sailor,FALSE,
태그인물,직업,전문,군인,soldier,FALSE,
태그인물,직업,전문,스파이,spy,FALSE,
태그인물,직업,전문,군인(기수),standard-bearer,FALSE,
태그인물,직업,판타지,연금술사,alchemist,FALSE,
태그인물,직업,판타지,기사,knight,FALSE,
태그인물,직업,판타지,무녀,miko,FALSE,
태그인물,직업,판타지,수도사,monk,FALSE,
태그인물,직업,판타지,닌자,ninja,FALSE,
태그인물,직업,판타지,수녀,nun,FALSE,
태그인물,직업,판타지,성직자,priest,FALSE,
태그인물,직업,판타지,사무라이,samurai,FALSE,
태그인물,직업,판타지,전사,warrior,FALSE,
태그인물,직업,판타지,마녀,witch,FALSE,
태그인물,직업,판타지,마법사,wizard,FALSE,
태그인물,특징,데레,보코데레,Bokodere,FALSE,
태그인물,특징,데레,다루데레,Darudere,FALSE,
태그인물,특징,데레,메가데레,Megadere,FALSE,
태그인물,특징,데레,멘헤라,Menhera,FALSE,
태그인물,특징,데레,츤데레,Tsundere,FALSE,
태그인물,특징,데레,얀데레,Yandere,FALSE,
태그인물,특징,데레,쿨데레,kuudere,FALSE,
태그인물,특징,성향,혼돈 악,Chaotic_Evil,FALSE,
태그인물,특징,성향,혼돈 선,Chaotic_Good,FALSE,
태그인물,특징,성향,혼돈 중립,Chaotic_Neutral,FALSE,
태그인물,특징,성향,질서 악,Lawful_Evil,FALSE,
태그인물,특징,성향,질서 선,Lawful_Good,FALSE,
태그인물,특징,성향,질서 중립,Lawful_Neutral,FALSE,
태그인물,특징,성향,중립 악,Neutral_Evil,FALSE,
태그인물,특징,성향,중립 선,Neutral_Good,FALSE,
태그인물,특징,성향,중립,True_Neutral,FALSE,
태그외모,귀,모양,고릴라,Gorilla_ears,FALSE,
태그외모,귀,모양,동물귀,animal_ears,FALSE,
태그외모,귀,모양,박쥐 귀,bat_ears,FALSE,
태그외모,귀,모양,곰 귀,bear_ears,FALSE,
태그외모,귀,모양,고양이 귀,cat_ears,FALSE,
태그외모,귀,모양,소 귀,cow_ears,FALSE,
태그외모,귀,모양,사슴 귀,deer_ears,FALSE,
태그외모,귀,모양,강아지 귀,dog_ears,FALSE,
태그외모,귀,모양,가짜 동물귀,fake_animal_ears,FALSE,
태그외모,귀,모양,족제비 귀,ferret_ears,FALSE,
태그외모,귀,모양,여우 귀,fox_ears,FALSE,
태그외모,귀,모양,염소 귀,goat_ears,FALSE,
태그외모,귀,모양,귀가 두껍다,heavy_ears,FALSE,
태그외모,귀,모양,말 귀,horse_ears,FALSE,
태그외모,귀,모양,사자 귀,lion_ears,FALSE,
태그외모,귀,모양,귓불이 길다,long_earlobes,FALSE,
태그외모,귀,모양,귀가 길다,long_ears,FALSE,
태그외모,귀,모양,원숭이 귀,monkey_ears,FALSE,
태그외모,귀,모양,쥐 귀,mouse_ears,FALSE,
태그외모,귀,모양,팬더 귀,panda_ears,FALSE,
태그외모,귀,모양,돼지 귀,pig_ears,FALSE,
태그외모,귀,모양,토끼 귀,rabbit_ears,FALSE,
태그외모,귀,모양,너구리 귀,raccoon_ears,FALSE,
태그외모,귀,모양,양 귀,sheep_ears,FALSE,
태그외모,귀,모양,귓불이 짧다,short_earlobes,FALSE,
태그외모,귀,모양,귀가 가늘다,slender_ears,FALSE,
태그외모,귀,모양,다람쥐 귀,squirrel_ears,FALSE,
태그외모,귀,모양,호랑이 귀,tiger_ears,FALSE,
태그외모,귀,모양,귀가 매우 길다,very_long_ears,FALSE,
태그외모,귀,모양,귀가 매우 짧다,very_short_ears,FALSE,
태그외모,귀,모양,늑대 귀,wolf_ears,FALSE,
태그외모,귀,부위,귓볼,earlobes,FALSE,
태그외모,귀,부위,귀,ears,FALSE,
태그외모,귀,상태,귀가 길고 뾰족하다,long_pointy_ears,FALSE,
태그외모,귀,상태,귀가 뾰족하다,pointy_ears,FALSE,
태그외모,귀,상태,귀가 짧고 뾰족하다,short_pointy_ears,FALSE,
태그외모,눈,모양,죽은 눈,blanked_eyes,FALSE,
태그외모,눈,모양,충혈된 눈,bloodshot_pupils,FALSE,
태그외모,눈,모양,클로버,clover-shaped_pupils,FALSE,
태그외모,눈,모양,다이아몬드,diamond-shaped_pupils,FALSE,
태그외모,눈,모양,확장된 눈,dilated_pupils,FALSE,
태그외모,눈,모양,강간당한 눈,empty_eyes,FALSE,
태그외모,눈,모양,발화된 눈,flaming_pupils,FALSE,
태그외모,눈,모양,꽃,flower-shaped_pupils,FALSE,
태그외모,눈,모양,발광한 눈,glowing_pupils,FALSE,
태그외모,눈,모양,하트,heart-shaped_pupils,FALSE,
태그외모,눈,모양,수축된 눈,sconstricted_pupils,FALSE,
태그외모,눈,모양,날카로운 눈매,sharp eyes,FALSE,캐릭터 외형 고정용 · 원본 시트에 없어 추가
태그외모,눈,모양,눈이 작다,short_eyes,FALSE,
태그외모,눈,모양,스페이드,spade-shaped_pupils,FALSE,
태그외모,눈,모양,별,star-shaped_pupils,FALSE,
태그외모,눈,모양,심볼,symbol-shaped_pupils,FALSE,
태그외모,눈,모양,처진 눈매,tareme,FALSE,캐릭터 외형 고정용 · 원본 시트에 없어 추가
태그외모,눈,모양,올라간 눈매,tsurime,FALSE,캐릭터 외형 고정용 · 원본 시트에 없어 추가
태그외모,눈,부위,눈썹,Eyebrow,FALSE,
태그외모,눈,부위,속눈썹,Eyelashes,FALSE,
태그외모,눈,부위,눈,Eyes,FALSE,
태그외모,눈,색깔,다름,Odd_Eye,FALSE,
태그외모,눈,색깔,검은색 눈,black_eyes,FALSE,
태그외모,눈,색깔,파란색 눈,blue_eyes,FALSE,
태그외모,눈,색깔,갈색 눈,brown_eyes,FALSE,
태그외모,눈,색깔,황금색 눈,golden_eyes,FALSE,
태그외모,눈,색깔,회색 눈,gray_eyes,FALSE,
태그외모,눈,색깔,초록색 눈,green_eyes,FALSE,
태그외모,눈,색깔,이색,heterochromia,FALSE,
태그외모,눈,색깔,연두색 눈,light_green_eyes,FALSE,
태그외모,눈,색깔,다중,multicolored_eye,FALSE,
태그외모,눈,색깔,주황색 눈,orange_eyes,FALSE,
태그외모,눈,색깔,분홍색 눈,pink_eyes,FALSE,
태그외모,눈,색깔,보라색 눈,purple_eyes,FALSE,
태그외모,눈,색깔,빨강색 눈,red_eyes,FALSE,
태그외모,눈,색깔,하늘색 눈,sky_blue_eyes,FALSE,
태그외모,눈,색깔,흰색 눈,white_eyes,FALSE,
태그외모,눈,색깔,노란색 눈,yellow_eyes,FALSE,
태그외모,눈,속눈썹,두꺼운 속눈썹,thick eyelashes,FALSE,캐릭터 외형 고정용 · 원본 시트에 없어 추가
태그외모,눈,크기,눈썹이 두껍다,heavy_eyebrow,FALSE,
태그외모,눈,크기,속눈썹이 두껍다,heavy_eyelashes,FALSE,
태그외모,눈,크기,눈썹이 길다,long_eyebrow,FALSE,
태그외모,눈,크기,속눈썹이 길다,long_eyelashes,FALSE,
태그외모,눈,크기,눈이 크다,long_eyes,FALSE,
태그외모,눈,크기,눈썹이 짧다,short_eyebrow,FALSE,
태그외모,눈,크기,속눈썹이 짧다,short_eyelashes,FALSE,
태그외모,눈,크기,눈썹이 가늘다,slender_eyebrow,FALSE,
태그외모,눈,크기,속눈썹이 가늘다,slender_eyelashes,FALSE,
태그외모,눈,특징,눈이 죽었다,blanked_eyes,FALSE,
태그외모,눈,특징,눈이 충혈된다,bloodshot_pupils,FALSE,
태그외모,눈,특징,눈물을 흘린다,crying_eyes,FALSE,
태그외모,눈,특징,눈이 확장된다,dilated_pupils,FALSE,
태그외모,눈,특징,눈이 빛을 잃었다,empty_eyes,FALSE,
태그외모,눈,특징,눈꼬리를 화장하다,eyeliner,FALSE,
태그외모,눈,특징,눈을 양쪽을 감았다,eyes_closed,FALSE,
태그외모,눈,특징,눈꺼풀을 화장하다,eyeshadow,FALSE,
태그외모,눈,특징,눈이 발화된다,flaming_pupils,FALSE,
태그외모,눈,특징,눈이 발광한다,glowing_pupils,FALSE,
태그외모,눈,특징,속눈썹을 화장하다,mascara,FALSE,
태그외모,눈,특징,눈물에 화장이 번졌다,mascars_tears,FALSE,
태그외모,눈,특징,눈을 한쪽만 감았다,one_eye_closed,FALSE,
태그외모,눈,특징,눈이 수축된다,sconstricted_pupils,FALSE,
태그외모,눈,특징,눈물이 맺힌다,tears,FALSE,
태그외모,눈,특징,눈의 초점이 어긋났다,uneven_eyes,FALSE,
태그외모,머리,길이,허리까지 오는 머리,waist length hair,FALSE,캐릭터 외형 고정용 · 원본 시트에 없어 추가
태그외모,머리,색,애쉬 브라운 머리,ash brown hair,FALSE,캐릭터 외형 고정용 · 원본 시트에 없어 추가
태그외모,머리,앞머리,가운데 가르마 앞머리,center parted bangs,FALSE,캐릭터 외형 고정용 · 원본 시트에 없어 추가
태그외모,머리,앞머리,얇은 앞머리,thin bangs,FALSE,캐릭터 외형 고정용 · 원본 시트에 없어 추가
태그외모,머리,위치,귀 뒤로 넘긴 머리,hair behind ear,FALSE,캐릭터 외형 고정용 · 원본 시트에 없어 추가
태그외모,머리,위치,어깨 위로 늘어뜨린 머리,hair over shoulders,FALSE,캐릭터 외형 고정용 · 원본 시트에 없어 추가
태그외모,머리카락,모양,머리카락이 엄청 길다,absurdly_long_hair,FALSE,
태그외모,머리카락,모양,머리카락이 엄청 짧다,absurdly_short_hair,FALSE,
태그외모,머리카락,모양,머리카락이 뭉툭하다,bluntbangs,FALSE,
태그외모,머리카락,모양,머리카락이 곱슬거린다,curly_hair,FALSE,
태그외모,머리카락,모양,머리카락이 뒤집혔다,flipped_hair,FALSE,
태그외모,머리카락,모양,머리카락이 길다,long_hair,FALSE,
태그외모,머리카락,모양,머리카락이 살짝 길다,medium_hair,FALSE,
태그외모,머리카락,모양,머리카락이 헝클어졌다,messy_hair,FALSE,
태그외모,머리카락,모양,머리카락이 뾰족하다,pointy_hair,FALSE,
태그외모,머리카락,모양,머리카락이 짧다,short_hair,FALSE,
태그외모,머리카락,모양,머리카락이 날카롭다,spiked_hair,FALSE,
태그외모,머리카락,모양,머리카락이 곧다,straight_hair,FALSE,
태그외모,머리카락,모양,머리카락이 매우 길다,very_long_hair,FALSE,
태그외모,머리카락,모양,머리카락이 매우 짧다,very_short_hair,FALSE,
태그외모,머리카락,모양,머리카락이 구불댄다,wavy_hair,FALSE,
태그외모,머리카락,색깔,황금색 머리카락,Blonde hair,FALSE,
태그외모,머리카락,색깔,검은색 머리카락,black hair,FALSE,
태그외모,머리카락,색깔,파란색 머리카락,blue hair,FALSE,
태그외모,머리카락,색깔,갈색 머리카락,brown hair,FALSE,
태그외모,머리카락,색깔,머리카락 안쪽을 염색했다,colored inner hair,FALSE,
태그외모,머리카락,색깔,머리카락 색깔이 층을 이룬다,gradient hair,FALSE,
태그외모,머리카락,색깔,초록색 머리카락,green hair,FALSE,
태그외모,머리카락,색깔,연두색 머리카락,light green hair,FALSE,
태그외모,머리카락,색깔,머리카락 색깔이 매우 다양하다,multicolored hair,FALSE,
태그외모,머리카락,색깔,머리카락을 아래→위로 염색하다,ombre,FALSE,
태그외모,머리카락,색깔,주황색 머리카락,orange hair,FALSE,
태그외모,머리카락,색깔,분홍색 머리카락,pink hair,FALSE,
태그외모,머리카락,색깔,보라색 머리카락,purple hair,FALSE,
태그외모,머리카락,색깔,무지개색 머리카락,rainbow hair,FALSE,
태그외모,머리카락,색깔,빨강색 머리카락,red hair,FALSE,
태그외모,머리카락,색깔,하늘색 머리카락,sky blue hair,FALSE,
태그외모,머리카락,색깔,머리카락을 위→아래로 염색하다,sombre,FALSE,
태그외모,머리카락,색깔,머리카락 색깔이 절반씩 다르다,split-color hair,FALSE,
태그외모,머리카락,색깔,머리카락 색깔이 줄무늬다,streaked hair,FALSE,
태그외모,머리카락,색깔,머리카락 색깔이 두 가지다,two-tone hair,FALSE,
태그외모,머리카락,색깔,흰색 머리카락,white hair,FALSE,
태그외모,머리카락,색깔,노란색 머리카락,yellow hair,FALSE,
태그외모,머리카락,스타일,황금색 브리지,Blonde_hair_streak,FALSE,
태그외모,머리카락,스타일,보라색 브리지,Purple_hair_streak,FALSE,
태그외모,머리카락,스타일,빨강색 브리지,Red_hair_streak,FALSE,
태그외모,머리카락,스타일,검은색 브리지,black_hair_streak,FALSE,
태그외모,머리카락,스타일,파란색 브리지,blue_hair_streak,FALSE,
태그외모,머리카락,스타일,브레이드,braid,FALSE,
태그외모,머리카락,스타일,앞머리 브레이드,braided_bangs,FALSE,
태그외모,머리카락,스타일,묶은 롤빵,braided_bun,FALSE,
태그외모,머리카락,스타일,갈색 브리지,brown_hair_streak,FALSE,
태그외모,머리카락,스타일,콘헤어 롤빵,cone_hair_bun,FALSE,
태그외모,머리카락,스타일,콘로우,cornrows,FALSE,
태그외모,머리카락,스타일,크라운 브레이드,crown_braid,FALSE,
태그외모,머리카락,스타일,더블 롤빵,double_bun,FALSE,
태그외모,머리카락,스타일,도넛헤어 롤빵,doughnut_hair_bun,FALSE,
태그외모,머리카락,스타일,드레드,dreadlocks,FALSE,
태그외모,머리카락,스타일,접힌 포니테일,folded_ponytail,FALSE,
태그외모,머리카락,스타일,프렌치 브레이드,french_braid,FALSE,
태그외모,머리카락,스타일,앞머리 브레이드,front_braid,FALSE,
태그외모,머리카락,스타일,앞머리 포니테일,front_ponytail,FALSE,
태그외모,머리카락,스타일,회색 브리지,gray_hair_streak,FALSE,
태그외모,머리카락,스타일,초록색 브리지,green_hair_streak,FALSE,
태그외모,머리카락,스타일,롤빵,hair_bun,FALSE,
태그외모,머리카락,스타일,하트헤어 롤빵,heart_hair_bun,FALSE,
태그외모,머리카락,스타일,높은 포니테일,high_ponytail,FALSE,
태그외모,머리카락,스타일,연두색 브리지,light_green_hair_streak,FALSE,
태그외모,머리카락,스타일,낮은 트윈테일,low_twintails,FALSE,
태그외모,머리카락,스타일,여러 브레이드,multiple_braids,FALSE,
태그외모,머리카락,스타일,원 사이드 업,one_side_up,FALSE,
태그외모,머리카락,스타일,주황색 브리지,orange_hair_streak,FALSE,
태그외모,머리카락,스타일,분홍색 브리지,pink_hair_streak,FALSE,
태그외모,머리카락,스타일,픽시컷,pixie_cut,FALSE,
태그외모,머리카락,스타일,포니테일,ponytail,FALSE,
태그외모,머리카락,스타일,퀴드 브레이드,quad_braids,FALSE,
태그외모,머리카락,스타일,퀴드 테일,quad_tails,FALSE,
태그외모,머리카락,스타일,퀸테일,quin_tails,FALSE,
태그외모,머리카락,스타일,무지개색 브리지,rainbow_hair_streak,FALSE,
태그외모,머리카락,스타일,낮은 포니테일,short_ponytail,FALSE,
태그외모,머리카락,스타일,짧은 트윈테일,short_twintails,FALSE,
태그외모,머리카락,스타일,사이드 브레이드,side_braid,FALSE,
태그외모,머리카락,스타일,사이드 포니테일,side_ponytail,FALSE,
태그외모,머리카락,스타일,싱글 브레이드,single_braid,FALSE,
태그외모,머리카락,스타일,싱글 롤빵,single_hair_bun,FALSE,
태그외모,머리카락,스타일,하늘색 브리지,sky_blue_hair_streak,FALSE,
태그외모,머리카락,스타일,스플릿 포니테일,split_ponytail,FALSE,
태그외모,머리카락,스타일,트라이 브레이드,tri_braids,FALSE,
태그외모,머리카락,스타일,트라티 테일,tri_tails,FALSE,
태그외모,머리카락,스타일,트윈 롤빵,triple_bun,FALSE,
태그외모,머리카락,스타일,트윈 브레이드,twin_braids,FALSE,
태그외모,머리카락,스타일,트윈테일,twintails,FALSE,
태그외모,머리카락,스타일,투 사이드 업,two_side_up,FALSE,
태그외모,머리카락,스타일,언더컷,undercut,FALSE,
태그외모,머리카락,스타일,험한 트윈테일,uneven_twintails,FALSE,
태그외모,머리카락,스타일,흰색 브리지,white_hair_streak,FALSE,
태그외모,머리카락,스타일,노란색 브리지,yellow_hair_streak,FALSE,
태그외모,머리카락,특징,앞머리가 가지런하다,Blunt_bangs,FALSE,
태그외모,머리카락,특징,"앞머리가 한쪽만 길고, 한쪽은 짧다",asymmetrical_bangs,FALSE,
태그외모,머리카락,특징,앞머리를 한쪽으로 땋았다,braided_bangs,FALSE,
태그외모,머리카락,특징,앞머리가 미간에서 교차한다,crossed_bangs,FALSE,
태그외모,머리카락,특징,앞머리가 눈 사이를 가린다,hair_between_eyes,FALSE,
태그외모,머리카락,특징,앞머리가 양쪽 눈을 가렸다,hair_over_eyes,FALSE,
태그외모,머리카락,특징,앞머리가 한쪽 눈을 가렸다,hair_over_one_eye,FALSE,
태그외모,머리카락,특징,앞머리가 양쪽으로 갈라진다,parted_bangs,FALSE,
태그외모,머리카락,특징,앞머리가 한쪽으로 몰렸다,swept_bangs,FALSE,
태그외모,얼굴,모양,얼굴이 하트형이다,Heart-shaped_face,FALSE,
태그외모,얼굴,모양,얼굴이 마름모형이다,diamond_face,FALSE,
태그외모,얼굴,모양,얼굴이 계란형이다,egg-shaped_face,FALSE,
태그외모,얼굴,모양,얼굴이 육각형이다,hexagonal_face,FALSE,
태그외모,얼굴,모양,얼굴이 매우 크다,huge_face,FALSE,
태그외모,얼굴,모양,얼굴이 역삼각형이다,inverted_triangle_of_faces,FALSE,
태그외모,얼굴,모양,얼굴이 크다,large_face,FALSE,
태그외모,얼굴,모양,얼굴이 평범하다,medium_face,FALSE,
태그외모,얼굴,모양,얼굴이 땅콩형이다,peanut_face,FALSE,
태그외모,얼굴,모양,얼굴이 뾰족하다,pointed_face,FALSE,
태그외모,얼굴,모양,얼굴이 타원형이다,round_face,FALSE,
태그외모,얼굴,모양,얼굴이 날렵하다,sharp_face,FALSE,
태그외모,얼굴,모양,얼굴이 작다,small_face,FALSE,
태그외모,얼굴,모양,얼굴이 살짝 작다,small_medium_face,FALSE,
태그외모,얼굴,모양,얼굴이 사각형이다,squareface,FALSE,
태그외모,얼굴,모양,얼굴이 삼각형이다,triangular_face,FALSE,
태그외모,얼굴,부위,뺨,cheek,FALSE,
태그외모,얼굴,부위,턱,chin,FALSE,
태그외모,얼굴,부위,얼굴,face,FALSE,
태그외모,얼굴,점,눈 밑 점,mole under eye,FALSE,캐릭터 외형 고정용 · 원본 시트에 없어 추가
태그외모,얼굴,특징,뺨을 붉혔다,blush,FALSE,
태그외모,얼굴,특징,울면서 슬퍼한다,cried_so_sadly,FALSE,
태그외모,얼굴,특징,울고 있다,crying,FALSE,
태그외모,입,모양,입이 크다,big_mouth,FALSE,
태그외모,입,모양,혀가 길다,long_tongue,FALSE,
태그외모,입,모양,혀가 짧다,short_tongue,FALSE,
태그외모,입,모양,입이 작다,small_mouth,FALSE,
태그외모,입,모양,입술이 두껍다,thick_lips,FALSE,
태그외모,입,모양,입술이 얇다,thin_lips,FALSE,
태그외모,입,부위,입술,lips,FALSE,
태그외모,입,부위,입,mouth,FALSE,
태그외모,입,부위,혀,tongue,FALSE,
태그외모,입,상태,입을 다물다,close_mouth,FALSE,
태그외모,입,상태,입에서 침을 흘리다,drooling,FALSE,
태그외모,입,상태,입을 열다,open_mouth,FALSE,
태그외모,입,상태,입에서 혀를 내밀다,stick_out_tongue,FALSE,
태그외모,입,색깔,검은색 입술,black lips,FALSE,
태그외모,입,색깔,검은색 혀,black tongue,FALSE,
태그외모,입,색깔,파란색 입술,blue lips,FALSE,
태그외모,입,색깔,파란색 혀,blue tongue,FALSE,
태그외모,입,색깔,갈색 입술,brown lips,FALSE,
태그외모,입,색깔,갈색 혀,brown tongue,FALSE,
태그외모,입,색깔,황금색 입술,golden lips,FALSE,
태그외모,입,색깔,황금색 혀,golden tongue,FALSE,
태그외모,입,색깔,회색 입술,gray lips,FALSE,
태그외모,입,색깔,회색 혀,gray tongue,FALSE,
태그외모,입,색깔,초록색 입술,green lips,FALSE,
태그외모,입,색깔,초록색 혀,green tongue,FALSE,
태그외모,입,색깔,연두색 입술,light green lips,FALSE,
태그외모,입,색깔,연두색 혀,light green tongue,FALSE,
태그외모,입,색깔,주황색 입술,orange lips,FALSE,
태그외모,입,색깔,주황색 혀,orange tongue,FALSE,
태그외모,입,색깔,분홍색 입술,pink lips,FALSE,
태그외모,입,색깔,분홍색 혀,pink tongue,FALSE,
태그외모,입,색깔,보라색 입술,purple lips,FALSE,
태그외모,입,색깔,보라색 혀,purple tongue,FALSE,
태그외모,입,색깔,빨강색 입술,red lips,FALSE,
태그외모,입,색깔,빨강색 혀,red tongue,FALSE,
태그외모,입,색깔,하늘색 입술,sky blue lips,FALSE,
태그외모,입,색깔,하늘색 혀,sky blue tongue,FALSE,
태그외모,입,색깔,흰색 입술,white lips,FALSE,
태그외모,입,색깔,흰색 혀,white tongue,FALSE,
태그외모,입,색깔,노란색 입술,yellow lips,FALSE,
태그외모,입,색깔,노란색 혀,yellow tongue,FALSE,
태그외모,코,길이,코가 두껍다,heavy_nose,FALSE,
태그외모,코,길이,코가 가늘다,slender_nose,FALSE,
태그외모,코,모양,코가 메부리코다,aquiline_nose,FALSE,
태그외모,코,모양,코가 넓적하다,broad_nose,FALSE,
태그외모,코,모양,코가 끝만 높다,high-end_nose,FALSE,
태그외모,코,모양,코가 길다,long_nose,FALSE,
태그외모,코,모양,코가 작다,small_nose,FALSE,
태그외모,코,모양,코가 들창코다,wild_boogged_nose,FALSE,
태그외모,피부,색,창백한 피부,pale skin,FALSE,캐릭터 외형 고정용 · 원본 시트에 없어 추가
태그외모,피부,색,그을린 피부,tan skin,FALSE,캐릭터 외형 고정용 · 원본 시트에 없어 추가
태그체형,가슴,모양,가슴이 평평하다,flat_chest,FALSE,
태그체형,가슴,모양,가슴이 엄청 크다,gigantic_breasts,FALSE,
태그체형,가슴,모양,가슴이 매우 크다,huge_breasts,FALSE,
태그체형,가슴,모양,유륜이 크다,large_areolae,FALSE,
태그체형,가슴,모양,가슴이 크다,large_breasts,FALSE,
태그체형,가슴,모양,젖꼭지가 길다,long_nipples,FALSE,
태그체형,가슴,모양,가슴이 평범하다,medium_breasts,FALSE,
태그체형,가슴,모양,유륜이 작다,small_areolae,FALSE,
태그체형,가슴,모양,가슴이 작다,small_breasts,FALSE,
태그체형,가슴,모양,가슴이 살짝 작다,small_medium_breasts,FALSE,
태그체형,가슴,모양,젖꼭지가 작다,small_nipples,FALSE,
태그체형,가슴,특징,가슴이 비대칭이다,asymmetrical_breasts,FALSE,
태그체형,가슴,특징,유륜이 어둡다,dark_areolae,FALSE,
태그체형,가슴,특징,젖꼭지가 어둡다,dark_nipples,FALSE,
태그체형,가슴,특징,유륜이 밝다,light_areolae,FALSE,
태그체형,가슴,특징,젖꼭지가 밝다,light_nipples,FALSE,
태그체형,가슴,특징,가슴이 뾰족하다,pointy_breasts,FALSE,
태그체형,가슴,특징,가슴이 늘어졌다,sagging_breasts,FALSE,
태그체형,가슴,특징,가슴이 풍선같다,veiny_breasts,FALSE,
태그체형,꼬리,모양,꼬리가 길다,long_tail,FALSE,
태그체형,꼬리,모양,꼬리가 짧다,short_tail,FALSE,
태그체형,꼬리,모양,꼬리가 가늘다,slender_tail,FALSE,
태그체형,꼬리,모양,꼬리가 두껍다,thick_tail,FALSE,
태그체형,꼬리,종류,곰 꼬리,bear_tail,FALSE,
태그체형,꼬리,종류,고양이 꼬리,cat_tail,FALSE,
태그체형,꼬리,종류,소 꼬리,cow_tail,FALSE,
태그체형,꼬리,종류,사슴 꼬리,deer_tail,FALSE,
태그체형,꼬리,종류,강아지 꼬리,dog_tail,FALSE,
태그체형,꼬리,종류,족제비 꼬리,ermine_tail,FALSE,
태그체형,꼬리,종류,여우 꼬리,fox_tail,FALSE,
태그체형,꼬리,종류,고릴라 꼬리,gorilla_tail,FALSE,
태그체형,꼬리,종류,말 꼬리,horse_tail,FALSE,
태그체형,꼬리,종류,표범 꼬리,leopard_tail,FALSE,
태그체형,꼬리,종류,사자 꼬리,lion_tail,FALSE,
태그체형,꼬리,종류,원숭이 꼬리,monkey_tail,FALSE,
태그체형,꼬리,종류,쥐 꼬리,mouse_tail,FALSE,
태그체형,꼬리,종류,돼지 꼬리,pig_tail,FALSE,
태그체형,꼬리,종류,토끼 꼬리,rabbit_tail,FALSE,
태그체형,꼬리,종류,양 꼬리,sheep_tail,FALSE,
태그체형,꼬리,종류,다람쥐 꼬리,squirrel_tail,FALSE,
태그체형,꼬리,종류,호랑이 꼬리,tiger_tail,FALSE,
태그체형,꼬리,종류,늑대 꼬리,wolf_tail,FALSE,
태그체형,날개,모양,날개가 발목에 있다,ankle_wings,FALSE,
태그체형,날개,모양,날개가 머리카락에 있다,hair_wings,FALSE,
태그체형,날개,모양,날개가 머리에 있다,head_wings,FALSE,
태그체형,날개,모양,날개가 크다,large_wings,FALSE,
태그체형,날개,모양,날개가 다리에 있다,leg_wings,FALSE,
태그체형,날개,모양,날개가 등에 있다,low_wings,FALSE,
태그체형,날개,모양,날개가 작다,mini_wings,FALSE,
태그체형,날개,모양,날개가 매우 많다,multiplewings,FALSE,
태그체형,날개,모양,날개가 한쪽만 있다,wingle_wing,FALSE,
태그체형,날개,종류,천사 날개,Angel_wings,FALSE,
태그체형,날개,종류,박쥐 날개,Bat_wings,FALSE,
태그체형,날개,종류,나비 날개,Butterfly_wings,FALSE,
태그체형,날개,종류,악마 날개,Demon_wings,FALSE,
태그체형,날개,종류,용의 날개,Dragon_wings,FALSE,
태그체형,날개,종류,요정 날개,Fairy_wings,FALSE,
태그체형,날개,종류,가짜 날개,Fake_wings,FALSE,
태그체형,날개,종류,불꽃 날개,Fiery_wings,FALSE,
태그체형,날개,종류,하트 모양 날개,Heart_wings,FALSE,
태그체형,날개,종류,얼음 날개,Ice_wings,FALSE,
태그체형,날개,종류,기계 날개,Mechanical_wings,FALSE,
태그체형,날개,종류,식물 날개,Plant_wings,FALSE,
태그체형,날개,종류,인공 날개,artificial_wings,FALSE,
태그체형,날개,종류,에너지 날개,energy_wings,FALSE,
태그체형,날개,종류,깃털 날개,feathered_wings,FALSE,
태그체형,날개,종류,곤충 날개,insect_wings,FALSE,
태그체형,날개,종류,무당벌레 날개,ladybug_wings,FALSE,
태그체형,날개,종류,얇은 천 날개,light_hawk_wings,FALSE,
태그체형,날개,종류,액체 날개,liquid_wings,FALSE,
태그체형,날개,종류,금속 날개,metal_wings,FALSE,
태그체형,날개,종류,나방 날개,moth_wings,FALSE,
태그체형,다리,모양,종아리가 통통하다,chubby_calf,FALSE,
태그체형,다리,모양,허벅지가 통통하다,chubby_thighs,FALSE,
태그체형,다리,모양,다리가 길다,long_leg,FALSE,
태그체형,다리,모양,다리가 짧다,short_leg,FALSE,
태그체형,다리,모양,종아리가 가늘다,slender_calf,FALSE,
태그체형,다리,모양,다리가 가늘다,slender_leg,FALSE,
태그체형,다리,모양,허벅지가 가늘다,slender_thighs,FALSE,
태그체형,다리,모양,종아리가 두껍다,thick_calf,FALSE,
태그체형,다리,모양,다리가 두껍다,thick_leg,FALSE,
태그체형,다리,모양,허벅지가 두껍다,thick_thigh,FALSE,
태그체형,다리,모양,종아리가 얇다,thin_calf,FALSE,
태그체형,다리,모양,허벅지가 얇다,thin_thighs,FALSE,
태그체형,몸,thick,두꺼운 팔,thick arms,FALSE,남캐 체형 정보글 #58523
태그체형,몸,thick,두꺼운 눈썹,thick eyebrows,FALSE,남캐 체형 정보글 #58523
태그체형,몸,thick,두꺼운 목,thick neck,FALSE,남캐 체형 정보글 #58523
태그체형,몸,thick,두꺼운 허벅지,thick thighs,FALSE,남캐 체형 정보글 #58523
태그체형,몸,근육,복근,abs,FALSE,강조하면 노출 구도로 나옴 · 남캐 체형 정보글 #58523
태그체형,몸,근육,이두근,biceps,FALSE,강조하면 노출 구도로 나옴 · 남캐 체형 정보글 #58523
태그체형,몸,근육,넓은 어깨,broad shoulders,FALSE,남캐 체형 정보글 #58523
태그체형,몸,근육,가슴근육 매우 큼,huge pectorals,FALSE,large pectorals보다 크게 나옴 · 남캐 체형 정보글 #58523
태그체형,몸,근육,가슴근육 중간 크기,large pectorals,FALSE,남캐 체형 정보글 #58523
태그체형,몸,근육,근육질 남성,"muscular, muscular male",FALSE,가장 기본 태그 · 남캐 체형 정보글 #58523
태그체형,몸,근육,남성 가슴근육,pectorals,FALSE,남캐 체형 정보글 #58523
태그체형,몸,근육,탄탄한 몸매,"toned, toned male",FALSE,muscular가 부담스러우면 · 남캐 체형 정보글 #58523
태그체형,몸,길이,키가 평범하다,averageheight,FALSE,
태그체형,몸,길이,키가 살짝 작다,littleshort,FALSE,
태그체형,몸,길이,키가 작다,short,FALSE,
태그체형,몸,길이,키가 크다,tall,FALSE,
태그체형,몸,길이,키가 매우 크다,verytall,FALSE,
태그체형,몸,나이,소년,"boy, shota",FALSE,
태그체형,몸,나이,소녀,"girl, loli",FALSE,
태그체형,몸,나이,중년 여성,"mature_female, milf",FALSE,
태그체형,몸,나이,중년 남성,mature_male,FALSE,
태그체형,몸,나이,청년 남성,teenboy,FALSE,
태그체형,몸,나이,청년 여성,teengirl,FALSE,
태그체형,몸,모양,복근이 매끈하다,11_line_abs,FALSE,
태그체형,몸,모양,몸이 통통하다,busty,FALSE,
태그체형,몸,모양,몸이 살짝 뚱뚱하다,chubby,FALSE,
태그체형,몸,모양,복근이 통통하다,chubby_abs,FALSE,
태그체형,몸,모양,배가 뚱뚱하다,chubby_stomach,FALSE,
태그체형,몸,모양,허리가 통통하다,chubbywaist,FALSE,
태그체형,몸,모양,몸이 살짝 통통하다,curvy,FALSE,
태그체형,몸,모양,몸이 뚱뚱하다,fat,FALSE,
태그체형,몸,모양,엉덩이가 평평하다,flat_ass,FALSE,
태그체형,몸,모양,엉덩이가 엄청 크다,gigantic_ass,FALSE,
태그체형,몸,모양,몸이 매혹적이다,glamorous,FALSE,
태그체형,몸,모양,배가 통통하다,heavy_stomach,FALSE,
태그체형,몸,모양,엉덩이가 매우 크다,huge_ass,FALSE,
태그체형,몸,모양,엉덩이가 크다,large_ass,FALSE,
태그체형,몸,모양,하체,lower_body,FALSE,
태그체형,몸,모양,엉덩이가 평범하다,medium_ass,FALSE,
태그체형,몸,모양,몸이 말랐다,skinny,FALSE,
태그체형,몸,모양,복근이 가늘다,skinny_abs,FALSE,
태그체형,몸,모양,몸이 날씬하다,slender,FALSE,
태그체형,몸,모양,배가 가늘다,slender_stomach,FALSE,
태그체형,몸,모양,허리가 가늘다,slenderwaist,FALSE,
태그체형,몸,모양,엉덩이가 작다,small_ass,FALSE,
태그체형,몸,모양,엉덩이가 살짝 작다,small_medium_ass,FALSE,
태그체형,몸,모양,복근이 두껍다,thick_abs,FALSE,
태그체형,몸,모양,허리가 두껍다,thickwaist,FALSE,
태그체형,몸,모양,배가 말랐다,thin_stomach,FALSE,
태그체형,몸,모양,허리가 얇다,thinwaist,FALSE,
태그체형,몸,모양,상체,upper_body,FALSE,
태그체형,몸,살,배 나옴,belly,FALSE,남캐 체형 정보글 #58523
태그체형,몸,살,살로 된 가슴,manboobs,FALSE,pectorals(근육)와 구분 · 남캐 체형 정보글 #58523
태그체형,몸,살,약간 살찐 체형,plump,FALSE,남캐 체형 정보글 #58523
태그체형,몸,성별,트랜스 남성,Trans_man,FALSE,
태그체형,몸,성별,트랜스 여성,Trans_woman,FALSE,
태그체형,몸,성별,여성,female,FALSE,
태그체형,몸,성별,남성,male,FALSE,
태그체형,몸,주의,근육·아저씨·털 느낌,bara,FALSE,취향 안 맞으면 비추. 어른스러운 남성 계열 · 남캐 체형 정보글 #58523
태그체형,몸,체형,좁은 어깨,narrow shoulders,FALSE,캐릭터 외형 고정용 · 원본 시트에 없어 추가
태그체형,몸,체형,마른 체형,slim body,FALSE,캐릭터 외형 고정용 · 원본 시트에 없어 추가
태그체형,몸,특징,몸이 알몸이다,completely_nude,FALSE,
태그체형,몸,특징,몸이 어둡다,dark_skin,FALSE,
태그체형,몸,특징,몸에 오일에 젖었다,oiledwet,FALSE,
태그체형,몸,특징,몸이 푹 젖었다,"soggywet,soggysweat",FALSE,
태그체형,몸,특징,땀을 뻘뻘 흘린다,steamsweat,FALSE,
태그체형,몸,특징,땀을 흘린다,sweat,FALSE,
태그체형,몸,특징,땀을 흘린다,sweating_profusely,FALSE,
태그체형,몸,특징,몸이 구릿빛이다,tanned_skin,FALSE,
태그체형,몸,특징,몸이 젖었다,wet,FALSE,
태그체형,몸,특징,몸이 하얗다,white_skin,FALSE,
태그체형,몸,허리,두껍고 튼튼한 허리,strongman waist,FALSE,v-taper의 반대 · 남캐 체형 정보글 #58523
태그체형,몸,허리,잘록한 허리,v-taper,FALSE,가슴은 두껍고 허리는 좁게 · 남캐 체형 정보글 #58523
태그체형,발,모양,발이 길다,long_foot,FALSE,
태그체형,발,모양,발가락이 길다,long_toe,FALSE,
태그체형,발,모양,발톱이 길다,long_toenail,FALSE,
태그체형,발,모양,발이 짧다,short_foot,FALSE,
태그체형,발,모양,발가락이 짧다,short_toe,FALSE,
태그체형,발,모양,발톱이 짧다,short_toenail,FALSE,
태그체형,발,모양,발목이 가늘다,slender_ankle,FALSE,
태그체형,발,모양,발이 가늘다_,slender_foot,FALSE,
태그체형,발,모양,발목이 두껍다,thick_ankle,FALSE,
태그체형,발,모양,발이 두껍다,thick_foot,FALSE,
태그체형,발,모양,발목이 얇다,thin_ankle,FALSE,
태그체형,손,모양,손이 두껍다,heavy_hand,FALSE,
태그체형,손,모양,손가락이 길다,long_fingers,FALSE,
태그체형,손,모양,손이 길다,long_hand,FALSE,
태그체형,손,모양,손톱이 길다,long_nail,FALSE,
태그체형,손,모양,손가락이 짧다,short_fingers,FALSE,
태그체형,손,모양,손이 짧다,short_hand,FALSE,
태그체형,손,모양,손톱이 짧다,short_nail,FALSE,
태그체형,손,모양,손가락이 가늘다,slender_fingers,FALSE,
태그체형,손,모양,손이 가늘다,slender_hand,FALSE,
태그체형,손,모양,손목이 가늘다,slender_wrist,FALSE,
태그체형,손,모양,손가락이 두껍다,thick_fingers,FALSE,
태그체형,손,모양,손목이 두껍다,thick_wrist,FALSE,
태그체형,손,모양,손목이 얇다,thin_wrist,FALSE,
태그체형,팔,모양,팔꿈치가 뭉툭하다,blunt_elbow,FALSE,
태그체형,팔,모양,팔뚝이 통통하다,chubby_forearm,FALSE,
태그체형,팔,모양,겨드랑이가 어둡다,dark_armpit,FALSE,
태그체형,팔,모양,팔이 두껍다,heavy_arm,FALSE,
태그체형,팔,모양,팔뚝이 두껍다,heavy_arm,FALSE,
태그체형,팔,모양,겨드랑이가 밝다,light_armpit,FALSE,
태그체형,팔,모양,팔이 길다,long_arm,FALSE,
태그체형,팔,모양,팔꿈치가 뾰족하다,pointed_elbow,FALSE,
태그체형,팔,모양,팔꿈치가 둥글다,round_elbow,FALSE,
태그체형,팔,모양,팔이 짧다,short_arm,FALSE,
태그체형,팔,모양,팔이 가늘다,slender_arm,FALSE,
태그체형,팔,모양,팔뚝이 가늘다,slender_forearm,FALSE,
태그체형,팔,모양,팔뚝이 얇다,thin_forearm,FALSE,
태그의상,상의,겉옷,앞치마,apron,FALSE,
태그의상,상의,겉옷,목욕 가운,bathrobe,FALSE,
태그의상,상의,겉옷,어깨를 덮는 망토,cape,FALSE,
태그의상,상의,겉옷,어깨만 덮는 작은 망토,capelet,FALSE,
태그의상,상의,겉옷,카디건,cardigan,FALSE,
태그의상,상의,겉옷,카디건 조끼,cardigan_vest,FALSE,
태그의상,상의,겉옷,열린 로브,open_robe,FALSE,
태그의상,상의,겉옷,로브,robe,FALSE,
태그의상,상의,겉옷,어깨 망토,shoulder_cape,FALSE,
태그의상,상의,겉옷,조끼,vest,FALSE,
태그의상,상의,겉옷,양복 조끼,waistcoat,FALSE,
태그의상,상의,셔츠,블라우스,blouse,FALSE,
태그의상,상의,셔츠,칼라 셔츠,collared_shirt,FALSE,
태그의상,상의,셔츠,밀착한 셔츠,compression_shirt,FALSE,
태그의상,상의,셔츠,배꼽티,crop_top,FALSE,
태그의상,상의,셔츠,어깨가 보이는 블라우스,downblouse,FALSE,
태그의상,상의,셔츠,드레스 셔츠,dress_shirt,FALSE,
태그의상,상의,셔츠,프릴 셔츠,frilled_shirt,FALSE,
태그의상,상의,셔츠,오픈숄더 셔츠,off-shoulder_shirt,FALSE,
태그의상,상의,셔츠,셔츠,shirt,FALSE,
태그의상,상의,셔츠,민소매 셔츠,sleeveless_shirt,FALSE,
태그의상,상의,셔츠,줄무늬 셔츠,striped_shirt,FALSE,
태그의상,상의,셔츠,티셔츠,t-shirt,FALSE,
태그의상,상의,셔츠,탱크탑,tank_top,FALSE,
태그의상,상의,셔츠,튜브탑,tube_top,FALSE,
태그의상,상의,셔츠,버튼을 반만 푼 셔츠,unbuttoned_white_shirt,FALSE,
태그의상,상의,스웨터,털 있는 스웨터,aran_sweater,FALSE,
태그의상,상의,스웨터,홀터넥,halterneck,FALSE,
태그의상,상의,스웨터,풀오버,pullover,FALSE,
태그의상,상의,스웨터,선 그인 스웨터,ribbed_sweater,FALSE,
태그의상,상의,스웨터,민소매 터틀넥,sleeveless_turtleneck,FALSE,
태그의상,상의,스웨터,스웨터,sweater,FALSE,
태그의상,상의,스웨터,스웨터 드레스,sweater_dress,FALSE,
태그의상,상의,스웨터,스웨터 조끼,sweater_vest,FALSE,
태그의상,상의,스웨터,터틀넥,turtleneck,FALSE,
태그의상,상의,재킷,블레이저,blazer,FALSE,
태그의상,상의,재킷,크롭 재킷,cropped_jacket,FALSE,
태그의상,상의,재킷,재킷,jacket,FALSE,
태그의상,상의,재킷,레터맨 재킷,letterman_jacket,FALSE,
태그의상,상의,재킷,사파리 재킷,safari_jacket,FALSE,
태그의상,상의,재킷,정장 재킷,suit_jacket,FALSE,
태그의상,상의,재킷,스카잔(일본 불량배),sukajan,FALSE,
태그의상,상의,코트,코트,coat,FALSE,
태그의상,상의,코트,더플 코트,duffel_coat,FALSE,
태그의상,상의,코트,모피 장식 코트,fur-trimmed_coat,FALSE,
태그의상,상의,코트,모피 코트,fur_coat,FALSE,
태그의상,상의,코트,롱코트,long_coat,FALSE,
태그의상,상의,코트,외투,overcoat,FALSE,
태그의상,상의,코트,피코트,peacoat,FALSE,
태그의상,상의,코트,우비,raincoat,FALSE,
태그의상,상의,코트,연미복,tailcoat,FALSE,
태그의상,상의,코트,트레치 코트,trench_coat,FALSE,
태그의상,상의,후드,배꼽 보이는 후드,cropped_hoodie,FALSE,
태그의상,상의,후드,후드,hoodie,FALSE,
태그의상,상의,후드,폴카 무늬,polka_dot_hoodie,FALSE,
태그의상,상의,후드,인쇄한 후드,print_hoodie,FALSE,
태그의상,상의,후드,민소매 후드,sleeveless_hoodie,FALSE,
태그의상,상의,후드,줄무늬 후드,striped_hoodie,FALSE,
태그의상,속옷,브래지어,접착 브래지어,adhesive_bra,FALSE,
태그의상,속옷,브래지어,가슴 가리개,bandeau,FALSE,
태그의상,속옷,브래지어,벨트 브래지어,beltbra,FALSE,
태그의상,속옷,브래지어,리본 브래지어,bow_bra,FALSE,
태그의상,속옷,브래지어,브래지어 끈,bra_strap,FALSE,
태그의상,속옷,브래지어,뷔스티에,bustier,FALSE,
태그의상,속옷,브래지어,캐미솔,camisole,FALSE,
태그의상,속옷,브래지어,코르셋,corset,FALSE,
태그의상,속옷,브래지어,노출된 브래지어,cupless_bra,FALSE,
태그의상,속옷,브래지어,프릴 브래지어,frilled_bra,FALSE,
태그의상,속옷,브래지어,앞으로 잠그는 브래지어,front-hook_bra,FALSE,
태그의상,속옷,브래지어,앞에서 묶는 브래지어,front-tie_bra,FALSE,
태그의상,속옷,브래지어,노출된 브래지어,shelf_bra,FALSE,
태그의상,속옷,브래지어,스포츠 브래지어,sports_bra,FALSE,
태그의상,속옷,브래지어,끈이 없는 브래지어,strapless_bra,FALSE,
태그의상,속옷,브래지어,트레이닝 브래지어,training_bra,FALSE,
태그의상,속옷,양말,하이레그,High_Legs,FALSE,
태그의상,속옷,양말,스타킹,Stocking,FALSE,
태그의상,속옷,양말,사이 하이 삭스(허벅지),Thigh_High_Socks,FALSE,
태그의상,속옷,양말,발목 양말,ankle_socks,FALSE,
태그의상,속옷,양말,보호하는 양말,armored_legwear,FALSE,
태그의상,속옷,양말,뒤에 선 있는 양말,back-seamed_legwear,FALSE,
태그의상,속옷,양말,바비 양말,bobby_socks,FALSE,
태그의상,속옷,양말,발가락이 보이는 양말,bridal_legwear,FALSE,
태그의상,속옷,양말,끈(십자형) 장식 달린 양말,cross-laced_legwear,FALSE,
태그의상,속옷,양말,분리된 레깅스,detached_leggings,FALSE,
태그의상,속옷,양말,앞에 선 있는 양말,front-seamed_legwear,FALSE,
태그의상,속옷,양말,모피 장식 달린 양말,fur-trimmed_legwear,FALSE,
태그의상,속옷,양말,가터벨트,garter_belt,FALSE,
태그의상,속옷,양말,가터 스트랩,garter_straps,FALSE,
태그의상,속옷,양말,니 삭스(무릎),kneehighs,FALSE,
태그의상,속옷,양말,레이스 장식 달린 양말,lace-trimmed_legwear,FALSE,
태그의상,속옷,양말,위로 올리는 양말,lace-up_legwear,FALSE,
태그의상,속옷,양말,레깅스,leggings,FALSE,
태그의상,속옷,양말,종 장식이 달린 양말,legwear_bell,FALSE,
태그의상,속옷,양말,레그웨어 가터,legwear_garter,FALSE,
태그의상,속옷,양말,헐랑한 양말,loose_socks,FALSE,
태그의상,속옷,양말,고리 장식 달린 양말,o-ring_legwear,FALSE,
태그의상,속옷,양말,오버 니 삭스(무릎 위),over-kneehighs,FALSE,
태그의상,속옷,양말,팬티 스타킹,pantyhose,FALSE,
태그의상,속옷,양말,리본 장식 다린 양말,ribbon-trimmed_legwear,FALSE,
태그의상,속옷,양말,리본이 달린 양말,ribbon_legwear,FALSE,
태그의상,속옷,양말,선이 있는 양말,seamed_legwear,FALSE,
태그의상,속옷,양말,비쳐 보이는 양말,see-through_legwear,FALSE,
태그의상,속옷,양말,반짝이는 양말,shiny_legwear,FALSE,
태그의상,속옷,양말,옆에 선 있는 양말,side-seamed_legwear,FALSE,
태그의상,속옷,양말,끈(한쪽)이 달린 양말,side-tie_legwear,FALSE,
태그의상,속옷,양말,양말,socks,FALSE,
태그의상,속옷,양말,스파이크 달린 양말,spiked_legwear,FALSE,
태그의상,속옷,양말,등자가 달린 양말,stirrup_legwear,FALSE,
태그의상,속옷,양말,징이 박힌 양말,studded_legwear,FALSE,
태그의상,속옷,양말,버선,tabi,FALSE,
태그의상,속옷,양말,허벅지 끈,thigh_strap,FALSE,
태그의상,속옷,양말,하이 식스(허벅지),thighhighs,FALSE,
태그의상,속옷,양말,발가략 양말,toe_socks,FALSE,
태그의상,속옷,양말,발가락만 보이는 양말,toeless_legwear,FALSE,
태그의상,속옷,양말,튜브 양말,tube_socks,FALSE,
태그의상,속옷,양말,지퍼 달린 양말,zipper_legwear,FALSE,
태그의상,속옷,팬티,매우 큰 팬티,Sizes_of_panties,FALSE,
태그의상,속옷,팬티,엉덩이만 노출된 팬티,backless_panties,FALSE,
태그의상,속옷,팬티,삼각형 팬티,bow_panties,FALSE,
태그의상,속옷,팬티,가랑이가 보이는 팬티,crotch_seam,FALSE,
태그의상,속옷,팬티,가랑이가 노출된 팬티,crotchless_panties,FALSE,
태그의상,속옷,팬티,주름 있는 팬티,frilled_panties,FALSE,
태그의상,속옷,팬티,짧고 긴 팬티,highleg_panties,FALSE,
태그의상,속옷,팬티,느슨한 팬티,loose_panties,FALSE,
태그의상,속옷,팬티,매우 짧은 팬티,lowleg_panties,FALSE,
태그의상,속옷,팬티,매우 작은 팬티,micro_panties,FALSE,
태그의상,속옷,팬티,끈(양쪽) 팬티,side-tie_panties,FALSE,
태그의상,속옷,팬티,가랑이만 노출된 팬티,strapless_bottom,FALSE,
태그의상,속옷,팬티,끈 팬티,string_panties,FALSE,
태그의상,신발,구두,하이힐,high_heels,FALSE,
태그의상,신발,구두,웨지힐,wedge_heels,FALSE,
태그의상,신발,부츠,발목 부츠,ankle_boots,FALSE,
태그의상,신발,부츠,보호 부츠,armored_boots,FALSE,
태그의상,신발,부츠,부츠,boots,FALSE,
태그의상,신발,부츠,카우보이 부츠,cowboy_boots,FALSE,
태그의상,신발,부츠,하이힐 부츠,high_heel_boots,FALSE,
태그의상,신발,부츠,무릎 부츠,knee_boots,FALSE,
태그의상,신발,부츠,발목 위 부츠,lace-up_boots,FALSE,
태그의상,신발,부츠,고무 장화,rubber_boots,FALSE,
태그의상,신발,부츠,허벅지 부츠,thigh_boots,FALSE,
태그의상,신발,샌들,나막신 샌들,clog_sandals,FALSE,
태그의상,신발,샌들,끈이 얽힌 샌들,cross-laced_sandals,FALSE,
태그의상,신발,샌들,발목이 고정되지 않는 샌들,flip-flops,FALSE,
태그의상,신발,샌들,게다(일본 나무 샌들),geta,FALSE,
태그의상,신발,샌들,검투사 샌들,gladiator_sandals,FALSE,
태그의상,신발,샌들,오코보(일본 게이샤 샌들),okobo,FALSE,
태그의상,신발,샌들,샌들,sandals,FALSE,
태그의상,신발,샌들,와자지(일본 짚신),waraji,FALSE,
태그의상,신발,샌들,조리(일본 샌들),zouri,FALSE,
태그의상,신발,신발,운동화,converse,FALSE,
태그의상,신발,신발,끈이 달린 신발,cross-laced_footwear,FALSE,
태그의상,신발,신발,중국 신발,flats,FALSE,
태그의상,신발,신발,리본 달린 신발,footwear_ribbon,FALSE,
태그의상,신발,신발,하이탑,high_tops,FALSE,
태그의상,신발,신발,끈 달린 교복 신발,kiltie_loafers,FALSE,
태그의상,신발,신발,교복 신발,loafers,FALSE,
태그의상,신발,신발,영국 신발,mary_janes,FALSE,
태그의상,신발,신발,두꺼운 굽 있는 신발,platform_footwear,FALSE,
태그의상,신발,신발,뾰족한 신발,pointy_footwear,FALSE,
태그의상,신발,신발,정장 신발,pumps,FALSE,
태그의상,신발,신발,운동화,sneakers,FALSE,
태그의상,신발,신발,발가락이 보이는 신발,toeless_footwear,FALSE,
태그의상,신발,신발,학교 실내화,uwabaki,FALSE,
태그의상,신발,신발,발꿈치에 날개 달린 신발,winged_footwear,FALSE,
태그의상,의상,드레스,등이 노출된 드레스,backless_dress,FALSE,
태그의상,의상,드레스,코트 드레스,coat_dress,FALSE,
태그의상,의상,드레스,칵테일 드레스,cocktail_dress,FALSE,
태그의상,의상,드레스,칼라 드레스,collared_dress,FALSE,
태그의상,의상,드레스,이브닝 드레스,evening_gown,FALSE,
태그의상,의상,드레스,흐르는 듯한 드레스,flowing_dress,FALSE,
태그의상,의상,드레스,프릴 드레스,frilled_dress,FALSE,
태그의상,의상,드레스,장례식 드레스,funeral_dress,FALSE,
태그의상,의상,드레스,모피 장식 드레스,fur-trimmed_dress,FALSE,
태그의상,의상,드레스,가운,gown,FALSE,
태그의상,의상,드레스,절반으로 나뉜 드레스,half-dress,FALSE,
태그의상,의상,드레스,목과 연결된 드레스,halter_dress,FALSE,
태그의상,의상,드레스,매우 짧은 드레스,high-low_dress,FALSE,
태그의상,의상,드레스,다리노출 긴 드레스,highleg_dress,FALSE,
태그의상,의상,드레스,발목까지 내려오는 드레스,hobble_dress,FALSE,
태그의상,의상,드레스,레이스 장식 드레스,lace-trimmed_dress,FALSE,
태그의상,의상,드레스,라텍스 드레스,latex_dress,FALSE,
태그의상,의상,드레스,천이 여러 겹인 드레스,layered_dress,FALSE,
태그의상,의상,드레스,긴 드레스,long_dress,FALSE,
태그의상,의상,드레스,네글리제,negligee,FALSE,
태그의상,의상,드레스,잠옷 드레스,nightgown,FALSE,
태그의상,의상,드레스,어깨가 보이는드레스,off-shoulder_dress,FALSE,
태그의상,의상,드레스,몸에 꼭 맞는 드레스,pencil_dress,FALSE,
태그의상,의상,드레스,세로로 주름진 드레스,pleated_dress,FALSE,
태그의상,의상,드레스,길게 V자로 갈라진 드레스,plunging_neckline_dress,FALSE,
태그의상,의상,드레스,리본 장식 드레스,ribbon-trimmed_dress,FALSE,
태그의상,의상,드레스,비쳐 보이는 드레스,see-through_dress,FALSE,
태그의상,의상,드레스,짧은 드레스,short_dress,FALSE,
태그의상,의상,드레스,허벅지가 갈라진 드레스,side_slit_dress,FALSE,
태그의상,의상,드레스,피부가 꽉 조이는 드레스,skin_tight_dress,FALSE,
태그의상,의상,드레스,소매 없는 드레스,sleeveless_dress,FALSE,
태그의상,의상,드레스,끈 없는 드레스,strapless_dress,FALSE,
태그의상,의상,드레스,여름용 드레스,sundress,FALSE,
태그의상,의상,드레스,팽팽한 드레스,taut_dress,FALSE,
태그의상,의상,드레스,테니스 드레스,tennis_dress,FALSE,
태그의상,의상,드레스,밑단이 넓은 드레스,trapeze_dress,FALSE,
태그의상,의상,드레스,끈 없이 밀착한 드레스,tube_dress,FALSE,
태그의상,의상,드레스,웨딩 드레스,wedding_dress,FALSE,
태그의상,의상,복장,몸통 사라시,Budget_sarashi,FALSE,
태그의상,의상,복장,가슴 사라시,Chest_sarashi,FALSE,
태그의상,의상,복장,복부 사라시,Midriff_sarashi,FALSE,
태그의상,의상,복장,풀린 사라시,Undone_sarashi,FALSE,
태그의상,의상,복장,긴 하오리,chanchanko,FALSE,
태그의상,의상,복장,치파오,changpao,FALSE,
태그의상,의상,복장,차이나 드레스,china_dress,FALSE,
태그의상,의상,복장,디른들,dirndl,FALSE,
태그의상,의상,복장,도테라,dotera,FALSE,
태그의상,의상,복장,훈도시,fundoshi,FALSE,
태그의상,의상,복장,후리소데,furisode,FALSE,
태그의상,의상,복장,하카마,hakama,FALSE,
태그의상,의상,복장,하카마 바지,hakama_pants,FALSE,
태그의상,의상,복장,하카마 짧은 치마,hakama_short_skirt,FALSE,
태그의상,의상,복장,하카마 치마,hakama_skirt,FALSE,
태그의상,의상,복장,한텐,hanten,FALSE,
태그의상,의상,복장,하오리,haori,FALSE,
태그의상,의상,복장,반소매 하오리,happi,FALSE,
태그의상,의상,복장,기모노,kimono,FALSE,
태그의상,의상,복장,기모노 스커트,kimono_skirt,FALSE,
태그의상,의상,복장,몇 겹 겹친 기모노,layered_kimono,FALSE,
태그의상,의상,복장,무녀복,miko,FALSE,
태그의상,의상,복장,개조한 무녀복nontraditional,miko,FALSE,
태그의상,의상,복장,사라시,sarashi,FALSE,
태그의상,의상,복장,짧은 기모노,short_kimono,FALSE,
태그의상,의상,복장,탕좡,tangzhuang,FALSE,
태그의상,의상,복장,기모노 끈,tasuki,FALSE,
태그의상,의상,복장,우치카케,uchikake=(wedding_kimono),FALSE,
태그의상,의상,복장,베트남 드레스,vietnamese_dress,FALSE,
태그의상,의상,복장,야마카사,yamakasa,FALSE,
태그의상,의상,복장,유카타,yukata,FALSE,
태그의상,의상,수영복,비키니,bikini,FALSE,
태그의상,의상,수영복,비키니 스커트,bikini_skirt,FALSE,
태그의상,의상,수영복,캐주얼 원피스 수영복,casual_one-piece_swimsuit,FALSE,
태그의상,의상,수영복,선수용 수영복,competition_swimsuit,FALSE,
태그의상,의상,수영복,드레스 수영복,dress_swimsuit,FALSE,
태그의상,의상,수영복,몸에 밀착한 수영복,impossible_swimsuit,FALSE,
태그의상,의상,수영복,살짝 짧은 비키니,lowleg_bikini,FALSE,
태그의상,의상,수영복,매우 짧은 비키니,micro_bikini,FALSE,
태그의상,의상,수영복,고리가 달린 비키니,o-ring_bikini,FALSE,
태그의상,의상,수영복,고리가 아래쪽과 연결한 비키니,o-ring_bottom,FALSE,
태그의상,의상,수영복,고리가 위쪽과 연결한 비키니,o-ring_top,FALSE,
태그의상,의상,수영복,옛날 수영복,old-fashioned_swimsuit,FALSE,
태그의상,의상,수영복,원피스 수영복,one-piece_swimsuit,FALSE,
태그의상,의상,수영복,레쉬 가드,rash_guard_(swim_shirt),FALSE,
태그의상,의상,수영복,학생용 수영복,school_swimsuit,FALSE,
태그의상,의상,수영복,끈으로 묶인 비키니,side-tie_bikini_bottom,FALSE,
태그의상,의상,수영복,슬링샷,slingshot_swimsuit,FALSE,
태그의상,의상,수영복,스포츠 비키니,sports_bikini,FALSE,
태그의상,의상,수영복,끈으로 가슴만 연결한 비키니,string_bikini,FALSE,
태그의상,의상,수영복,학교 수영복,sukumizu,FALSE,
태그의상,의상,수영복,짧은 상의와 연결된 비키니,tankini,FALSE,
태그의상,의상,수영복,끈이 많은 비키니,thong_bikini,FALSE,
태그의상,의상,슈트,자전거 슈트,bikesuit,FALSE,
태그의상,의상,슈트,바디슈트,bodysuit,FALSE,
태그의상,의상,슈트,점프슈트,jumpsuit,FALSE,
태그의상,의상,슈트,파일럿 슈트,pilot_suit,FALSE,
태그의상,의상,슈트,플러그 슈트,plugsuit,FALSE,
태그의상,의상,슈트,레이싱 슈트,racing_suit,FALSE,
태그의상,의상,슈트,짧은 점프 슈트,short_jumpsuit,FALSE,
태그의상,의상,알몸,알몸 에이프런,naked_apron,TRUE,
태그의상,의상,알몸,알몸 붕대,naked_bandage,TRUE,
태그의상,의상,알몸,알몸 망토,naked_cape,TRUE,
태그의상,의상,알몸,알몸 후드 망토,naked_capelet,TRUE,
태그의상,의상,알몸,알몸 초콜릿,naked_chocolate,TRUE,
태그의상,의상,알몸,알몸 망토,naked_cloak,TRUE,
태그의상,의상,알몸,알몸 코트,naked_coat,TRUE,
태그의상,의상,알몸,알몸 후드,naked_hoodie,TRUE,
태그의상,의상,알몸,알몸 재킷,naked_jacket,TRUE,
태그의상,의상,알몸,알몸 작업복,naked_overalls,TRUE,
태그의상,의상,알몸,알몸 리본,naked_ribbon,TRUE,
태그의상,의상,알몸,알몸 가운,naked_robe,TRUE,
태그의상,의상,알몸,알몸 스카프,naked_scarf,TRUE,
태그의상,의상,알몸,알몸 이불,naked_sheet,TRUE,
태그의상,의상,알몸,알몸 셔츠,naked_shirt,TRUE,
태그의상,의상,알몸,알몸 멜빵,naked_suspenders,TRUE,
태그의상,의상,알몸,알몸 가슴천막,naked_tabard,TRUE,
태그의상,의상,알몸,알몸 타올,naked_towel,TRUE,
태그의상,의상,알몸,알몸 에이프런,nearly_naked_apron,TRUE,
태그의상,의상,알몸,알몸 속옷,underwear_only,TRUE,
태그의상,의상,운동복,야구복,baseball_uniform,FALSE,
태그의상,의상,운동복,농구복,basketball_uniform,FALSE,
태그의상,의상,운동복,축구복,football_uniform,FALSE,
태그의상,의상,운동복,골프복,golf_uniform,FALSE,
태그의상,의상,운동복,체육복,gym_uniform,FALSE,
태그의상,의상,운동복,레오타드,leotard,FALSE,
태그의상,의상,운동복,육상복,running_uniform,FALSE,
태그의상,의상,운동복,끈 없는 레오타드,strapless_leotard,FALSE,
태그의상,의상,운동복,운동복,sweatpants,FALSE,
태그의상,의상,운동복,테니스복,tennis_uniform,FALSE,
태그의상,의상,운동복,운동복,track_suit,FALSE,
태그의상,의상,운동복,배구복,volleyball_uniform,FALSE,
태그의상,의상,정장,신사복,business_suit,FALSE,
태그의상,의상,정장,정장 바지,pant_suit,FALSE,
태그의상,의상,정장,정장 치마,skirt_suit,FALSE,
태그의상,의상,정장,정장(여성),skirtsuit,FALSE,
태그의상,의상,정장,정장(남성),suit,FALSE,
태그의상,의상,정장,턱시도,tuxedo,FALSE,
태그의상,의상,제복,밴드복,band_uniform,FALSE,
태그의상,의상,제복,사제복,cassock,FALSE,
태그의상,의상,제복,치어리더,cheerleader,FALSE,
태그의상,의상,제복,가쿠란,gakuran,FALSE,
태그의상,의상,제복,사제복,habit,FALSE,
태그의상,의상,제복,벨리댄서,harem_outfit,FALSE,
태그의상,의상,제복,방호복,hazmat_suit,FALSE,
태그의상,의상,제복,보호복,hev_suit,FALSE,
태그의상,의상,제복,원시 의복,loincloth,FALSE,
태그의상,의상,제복,메이지 여학생 교복,meiji_schoolgirl_uniform,FALSE,
태그의상,의상,제복,군복,military_uniform,FALSE,
태그의상,의상,제복,작업복,overalls,FALSE,
태그의상,의상,제복,잠옷,pajamas,FALSE,
태그의상,의상,제복,선원복,sailor_(naval_uniform),FALSE,
태그의상,의상,제복,교복,school_uniform,FALSE,
태그의상,의상,제복,세일러복,serafuku_(sailor_uniform),FALSE,
태그의상,의상,제복,발레복,tutu,FALSE,
태그의상,의상,제복,여성 점원,waitress clothes,FALSE,
태그의상,의상,코스튬,차이나 메이드복,China-style_maid_costume,FALSE,
태그의상,의상,코스튬,클래식 메이드복,Classic_maid_costume,FALSE,
태그의상,의상,코스튬,사이버 메이드복,Cybermaid_costume,FALSE,
태그의상,의상,코스튬,팔러 메이드복,Faller_maid_costume,FALSE,
태그의상,의상,코스튬,프렌치 메이드복,French_maid_costume,FALSE,
태그의상,의상,코스튬,고릴라 코스튬,Gorilla_costume,FALSE,
태그의상,의상,코스튬,하우스 메이드복,House_maid_costume,FALSE,
태그의상,의상,코스튬,하우스키퍼,Housekeeper_costume,FALSE,
태그의상,의상,코스튬,일본풍 메이드복,Japanese-style_maid_costume,FALSE,
태그의상,의상,코스튬,키친 메이드복,Kitchen_maid_costume,FALSE,
태그의상,의상,코스튬,레이디스 메이드복,Ladies_maid_costume,FALSE,
태그의상,의상,코스튬,밀리터리 메이드복,Military_maid_costume,FALSE,
태그의상,의상,코스튬,너스 메이드복,Nuss_maid_costume,FALSE,
태그의상,의상,코스튬,스팀펑크 메이드복,Steampunk_maid_costume,FALSE,
태그의상,의상,코스튬,빅토리아 메이드복,Victoria_Maid_costume,FALSE,
태그의상,의상,코스튬,박쥐 코스튬,bat_costume,FALSE,
태그의상,의상,코스튬,곰 코스튬,bear_costume,FALSE,
태그의상,의상,코스튬,고양이 코스튬,cat_costume,FALSE,
태그의상,의상,코스튬,소 코스튬,cow_costume,FALSE,
태그의상,의상,코스튬,카우보이,cowboy_western,FALSE,
태그의상,의상,코스튬,사슴 코스튬,deer_costume,FALSE,
태그의상,의상,코스튬,강아지 코스튬,dog_costume,FALSE,
태그의상,의상,코스튬,족제비 코스튬,ferret_costume,FALSE,
태그의상,의상,코스튬,여우 코스튬,fox_costume,FALSE,
태그의상,의상,코스튬,염소 코스튬,goat_costume,FALSE,
태그의상,의상,코스튬,말 코스튬,horse_costume,FALSE,
태그의상,의상,코스튬,사자 코스튬,lion_costume,FALSE,
태그의상,의상,코스튬,원숭이 코스튬,monkey_costume,FALSE,
태그의상,의상,코스튬,쥐 코스튬,mouse_costume,FALSE,
태그의상,의상,코스튬,팬더 코스튬,panda_costume,FALSE,
태그의상,의상,코스튬,돼지 코스튬,pig_costume,FALSE,
태그의상,의상,코스튬,토끼 코스튬,rabbit_costume,FALSE,
태그의상,의상,코스튬,너구리 코스튬,raccoon_costume,FALSE,
태그의상,의상,코스튬,산타 복장,santa_costume,FALSE,
태그의상,의상,코스튬,산타 드레스,santa_dress,FALSE,
태그의상,의상,코스튬,양 코스튬,sheep_costume,FALSE,
태그의상,의상,코스튬,다람쥐 코스튬,squirrel_costume,FALSE,
태그의상,의상,코스튬,호랑이 코스튬,tiger_costume,FALSE,
태그의상,의상,코스튬,늑대 코스튬,wolf_costume,FALSE,
태그의상,의상,특징,옷의 유륜을 노출하다,areola_slip,FALSE,
태그의상,의상,특징,옷의 팔을 노출하다,arm_cutout,FALSE,
태그의상,의상,특징,옷의 겨드랑이를 노출하다,armpit_cutout,FALSE,
태그의상,의상,특징,옷의 엉덩이를 노출하다,ass_cutout,FALSE,
태그의상,의상,특징,옷의 뒷가슴을 노출하다,backboob,FALSE,
태그의상,의상,특징,옷의 등을 숨기지 않는다,backless_outfit,FALSE,
태그의상,의상,특징,옷의 등을 노출하다,bare_back,FALSE,
태그의상,의상,특징,옷의 어깨를 노출하다,bare_shoulders,FALSE,
태그의상,의상,특징,옷의 가슴을 노출하다,breast_slip,FALSE,
태그의상,의상,특징,옷의 가슴을 전부 노출하다,breastless_clothes,FALSE,
태그의상,의상,특징,옷의 엉덩이를 노출하다,butt_crack,FALSE,
태그의상,의상,특징,옷의 가슴 사이를 노출하다,center_opening,FALSE,
태그의상,의상,특징,옷의 가슴골을 노출하다,cleavage_cutout,FALSE,
태그의상,의상,특징,옷의 선을 X자로 묶었다,cross-laced_clothes,FALSE,
태그의상,의상,특징,옷의 선을 X자로 묶어 노출하다,cross-laced_cutout,FALSE,
태그의상,의상,특징,옷의 가랑이를 노출하다,crotch_cutout,FALSE,
태그의상,의상,특징,옷의 옆구리 위쪽을 노출하다,high-waist_sideboob,FALSE,
태그의상,의상,특징,옷의 골반을 노출하다,hip_vent,FALSE,
태그의상,의상,특징,옷의 옆구리를 노출하다,low-cut_armhole,FALSE,
태그의상,의상,특징,옷의 배를 노출하다,midriff,FALSE,
태그의상,의상,특징,옷의 배꼽을 노출하다,navel_cutout,FALSE,
태그의상,의상,특징,옷의 젖꼭지를 노출하다,nipple_slip,FALSE,
태그의상,의상,특징,옷의 노출이 심하다,revealing_clothes,FALSE,
태그의상,의상,특징,옷이 비쳐 보인다,see-through,FALSE,
태그의상,의상,특징,옷의 어깨를 살짝 노출하다,shoulder_cutout,FALSE,
태그의상,의상,특징,옷의 다리가 노출되다,side_slit,FALSE,
태그의상,의상,특징,옷의 옆가슴을 노출하다,sideboob,FALSE,
태그의상,의상,특징,옷의 옆구리를 전부 노출하다,sideless_outfit,FALSE,
태그의상,의상,특징,옷의 소매가 없다,sleeveless,FALSE,
태그의상,의상,특징,옷의 배를 노출하다,stomach_cutout,FALSE,
태그의상,의상,특징,옷의 단추가 없다,unbuttoned_shirt,FALSE,
태그의상,의상,특징,옷의 밑가슴을 노출하다,underboob,FALSE,
태그의상,의상,특징,옷의 밑가슴 사이를 노출하다,underboob_cutout,FALSE,
태그의상,의상,특징,옷의 허벅지를 노출하다,zettai_ryouiki,FALSE,
태그의상,하의,바지,무릎 아래가 넓은 바지,bell-bottoms,FALSE,
태그의상,하의,바지,발목 위까지 오는 바지,capri_pants,FALSE,
태그의상,하의,바지,카우보이 바지,chaps,FALSE,
태그의상,하의,바지,청반바지,cutoff_jeans,FALSE,
태그의상,하의,바지,엉덩이 골이 보이는 바지,downpants,FALSE,
태그의상,하의,바지,청바지,jeans,FALSE,
태그의상,하의,바지,엉덩이와 허벅지에 꽉 끼는 바지,lowleg_pants,FALSE,
태그의상,하의,바지,발목과 무릎 사이가 접힌 바지,pants_rolled_up,FALSE,
태그의상,하의,바지,몸에 꽉 끼는 바지,tight_pants,FALSE,
태그의상,하의,반바지,자전거 반바지,bike_shorts,FALSE,
태그의상,하의,반바지,블루머,bloomers,FALSE,
태그의상,하의,반바지,부루마,buruma,FALSE,
태그의상,하의,반바지,데님 반바지,denim_shorts,FALSE,
태그의상,하의,반바지,돌핀 팬츠,dolphin_shorts,FALSE,
태그의상,하의,반바지,체육복 반바지,gym_shorts,FALSE,
태그의상,하의,반바지,살짝 짧은 반바지,lowleg_shorts,FALSE,
태그의상,하의,반바지,매우 짧은 반바지,micro_shorts,FALSE,
태그의상,하의,반바지,짧은 반바지,short_shorts,FALSE,
태그의상,하의,반바지,반바지,shorts,FALSE,
태그의상,하의,반바지,치마 아래 반바지,shorts_under_skirt,FALSE,
태그의상,하의,치마,긴 치마,Long_skirt,FALSE,
태그의상,하의,치마,플레어 스커트,flared_skirt,FALSE,
태그의상,하의,치마,매우 좁은 치마,high-low_skirt,FALSE,
태그의상,하의,치마,매우 넓은 치마,high-waist_skirt,FALSE,
태그의상,하의,치마,레이어드 스커트,layered_skirt,FALSE,
태그의상,하의,치마,살짝 짧은 치마,lowleg_skirt,FALSE,
태그의상,하의,치마,머메이드 스커트,mermaid_skirt,FALSE,
태그의상,하의,치마,매우 짦은 치마,micro_skirt,FALSE,
태그의상,하의,치마,짧은 치마,miniskirt,FALSE,
태그의상,하의,치마,멜빵 치마,overall_skirt,FALSE,
태그의상,하의,치마,멜빵과 연결된 치마,overall_skirt,FALSE,
태그의상,하의,치마,파니에 스커트,pannier_skirt,FALSE,
태그의상,하의,치마,피나포 드레스,pinapo_dress,FALSE,
태그의상,하의,치마,플리츠 스커트,pleated_skirt,FALSE,
태그의상,하의,치마,치마 바지,skirt_pants,FALSE,
태그의상,하의,치마,멜빵이 잡는 치마,suspender_skirt,FALSE,
태그의상,하의,치마,타이트 스커트,tight_skirt,FALSE,
태그의상,하의,치마,튤립 스커트,tulip_skirt,FALSE,
태그의상,하의,치마,랩 스커트,wrap_skirt,FALSE,
태그장신구,귀 장식,귀걸이,종 귀걸이,Bell_earrings,FALSE,
태그장신구,귀 장식,귀걸이,초승달 귀걸이,Crescent_earrings,FALSE,
태그장신구,귀 장식,귀걸이,십자가 귀걸이,Cross_earrings,FALSE,
태그장신구,귀 장식,귀걸이,수정 귀걸이,Crystal_earrings,FALSE,
태그장신구,귀 장식,귀걸이,꽃 귀걸이,Flower_earrings,FALSE,
태그장신구,귀 장식,귀걸이,하트 귀걸이,Heart_earrings,FALSE,
태그장신구,귀 장식,귀걸이,곡옥 귀걸이,Magatama_earrings,FALSE,
태그장신구,귀 장식,귀걸이,알약 귀걸이,Pill_earrings,FALSE,
태그장신구,귀 장식,귀걸이,행성 귀걸이,Planet_earrings,FALSE,
태그장신구,귀 장식,귀걸이,털 장식 귀걸이,Pom_pom_earrings,FALSE,
태그장신구,귀 장식,귀걸이,쉘 귀걸이,Shell_earrings,FALSE,
태그장신구,귀 장식,귀걸이,해골 귀걸이,Skull_earrings,FALSE,
태그장신구,귀 장식,귀걸이,눈송이 귀걸이,Snowflake_earrings,FALSE,
태그장신구,귀 장식,귀걸이,스페이드 귀걸이,Spade_earrings,FALSE,
태그장신구,귀 장식,귀걸이,별 귀걸이,Star_earrings,FALSE,
태그장신구,귀 장식,귀걸이,딸기 귀걸이,Strawberry_earrings,FALSE,
태그장신구,귀 장식,귀걸이,술이 달린 귀걸이,Tassel_earrings,FALSE,
태그장신구,귀 장식,귀걸이,음양사 귀걸이,Yin_yang_earrings,FALSE,
태그장신구,귀 장식,귀걸이,귀걸이,earrings,FALSE,캐릭터 외형 고정용 · 원본 시트에 없어 추가
태그장신구,기타,꼬리,꼬리 종,Tail_bell,FALSE,
태그장신구,기타,꼬리,꼬리 리본,Tail_bow,FALSE,
태그장신구,기타,꼬리,꼬리 장식품,Tail_ornament,FALSE,
태그장신구,기타,꼬리,꼬리 피어싱,Tail_piercing,FALSE,
태그장신구,기타,꼬리,꼬리 리본,Tail_ribbon,FALSE,
태그장신구,기타,꼬리,꼬리 고리,Tail_ring,FALSE,
태그장신구,기타,날개,날개 달린 가방,Winged_bag,FALSE,
태그장신구,기타,날개,날개 달린 신발,Winged_footwear,FALSE,
태그장신구,기타,날개,날개 달린 헬맷,Winged_helmet,FALSE,
태그장신구,기타,날개,날개 달린 귀,wing_ears,FALSE,
태그장신구,기타,날개,날개 리본,wing_ribbon,FALSE,
태그장신구,기타,날개,날개 달린 모자,winged_hat,FALSE,
태그장신구,기타,피어싱,눈썹 아래 피어싱,Anti-eyebrow_piercing,FALSE,
태그장신구,기타,피어싱,배꼽 피어싱,Collarbone_piercing,FALSE,
태그장신구,기타,피어싱,귀 피어싱,Ear_piercing,FALSE,
태그장신구,기타,피어싱,눈썹 피어싱,Eyebrow_piercing,FALSE,
태그장신구,기타,피어싱,눈꺼풀 피어싱,Eyelid_piercing,FALSE,
태그장신구,기타,피어싱,위쪽 귀 두 개 피어싱,Industrial_piercing,FALSE,
태그장신구,기타,피어싱,귀걸이 여러 개,Multiple_earrings,FALSE,
태그장신구,기타,피어싱,코 피어싱,Nose_piercing,FALSE,
태그장신구,기타,피어싱,귀걸이 한 개,Single_earring,FALSE,
태그장신구,기타,피어싱,혀 피어싱,Tongue_piercing,FALSE,
태그장신구,눈 장식,안경,안경,glasses,FALSE,캐릭터 외형 고정용 · 원본 시트에 없어 추가
태그장신구,머리 장식,머리띠,두건(반다나),bandana,FALSE,
태그장신구,머리 장식,머리띠,양갈래 머리띠,bow_hairband,FALSE,
태그장신구,머리 장식,머리띠,이마 보호대,forehead_protector,FALSE,
태그장신구,머리 장식,머리띠,프릴 머리띠,frilled_hairband,FALSE,
태그장신구,머리 장식,머리띠,머리 리본,hair_ribbon,FALSE,
태그장신구,머리 장식,머리띠,머리띠,"hairband, headband",FALSE,
태그장신구,머리 장식,머리띠,머리 장식,headdress,FALSE,
태그장신구,머리 장식,머리띠,레이스 장식 머리띠,lace-trimmed_hairband,FALSE,
태그장신구,머리 장식,머리띠,레이스 머리띠,lace_hairband,FALSE,
태그장신구,머리 장식,머리띠,로리타 머리띠,lolita_hairband,FALSE,
태그장신구,머리 장식,머리띠,메이드 머리 장식,maid_headdress,FALSE,
태그장신구,머리 장식,머리띠,스파이크 머리티,spiked_hairband,FALSE,
태그장신구,머리 장식,머리띠,줄무늬 머리띠,striped_hairband,FALSE,
태그장신구,머리 장식,머리띠,땀띠,sweatband,FALSE,
태그장신구,머리 장식,머리띠,투 톤 머리띠,two-tone_hairband,FALSE,
태그장신구,머리 장식,머리띠,날개 달린,winged_hairband,FALSE,
태그장신구,머리 장식,모자,밀짚모자(승려),ajirogasa,FALSE,
태그장신구,머리 장식,모자,비행사 모자,aviator_cap,FALSE,
태그장신구,머리 장식,모자,야구 모자,baseball_cap,FALSE,
태그장신구,머리 장식,모자,비니,beanie,FALSE,
태그장신구,머리 장식,모자,베레모,beret,FALSE,
태그장신구,머리 장식,모자,해적 모자,bicorne,FALSE,
태그장신구,머리 장식,모자,챙이 넓고 납작한 모자,boater_hat,FALSE,
태그장신구,머리 장식,모자,챙이 작은 모자,bowler_hat,FALSE,
태그장신구,머리 장식,모자,폭이 넓고 길쭉한 모자,bucket_hat,FALSE,
태그장신구,머리 장식,모자,군인(상관) 모자,campaign_hat,FALSE,
태그장신구,머리 장식,모자,요리사 모자,chef_hat,FALSE,
태그장신구,머리 장식,모자,동그란 모자,cloche_hat,FALSE,
태그장신구,머리 장식,모자,카우보이 모자,cowboy_hat,FALSE,
태그장신구,머리 장식,모자,탐정 모자,deerstalker,FALSE,
태그장신구,머리 장식,모자,해군 모자,dixie_cup_hat,FALSE,
태그장신구,머리 장식,모자,탐정 모자,fedora,FALSE,
태그장신구,머리 장식,모자,여성 유니폼 모자,female_service_cap,FALSE,
태그장신구,머리 장식,모자,원통형 모자,fez_hat,FALSE,
태그장신구,머리 장식,모자,한쪽으로 기울인 모자,flat_cap,FALSE,
태그장신구,머리 장식,모자,접힌 요리사 모자,flat_top_chef_hat,FALSE,
태그장신구,머리 장식,모자,모피 모자,fur_hat,FALSE,
태그장신구,머리 장식,모자,삼각형 모자,garrison_cap,FALSE,
태그장신구,머리 장식,모자,성직자 모자,habit,FALSE,
태그장신구,머리 장식,모자,광대 모자,jester_cap,FALSE,
태그장신구,머리 장식,모자,군사 모자,kepi,FALSE,
태그장신구,머리 장식,모자,미니 산타,mini_santa_hat,FALSE,
태그장신구,머리 장식,모자,작은 마술사 모자,mini_top_hat,FALSE,
태그장신구,머리 장식,모자,작은 마녀 모자,mini_witch_hat,FALSE,
태그장신구,머리 장식,모자,사제 모자,mitre,FALSE,
태그장신구,머리 장식,모자,머리카락을 덮는 모자,mob_cap,FALSE,
태그장신구,머리 장식,모자,졸업 모자,mortarboard_collage_graduation_hat,FALSE,
태그장신구,머리 장식,모자,수면 모자,nightcap,FALSE,
태그장신구,머리 장식,모자,간호사 모자,nurse_cap,FALSE,
태그장신구,머리 장식,모자,파티 모자,party_hat,FALSE,
태그장신구,머리 장식,모자,뾰족한 모자,peaked_cap,FALSE,
태그장신구,머리 장식,모자,해적 모자,pirate_hat,FALSE,
태그장신구,머리 장식,모자,탐험가 모자,pith_helmet,FALSE,
태그장신구,머리 장식,모자,밀짚모자(도사),rice_hat,FALSE,
태그장신구,머리 장식,모자,선원 모자,sailor_hat,FALSE,
태그장신구,머리 장식,모자,산타,santa_hat,FALSE,
태그장신구,머리 장식,모자,군용 모자,shako_cap,FALSE,
태그장신구,머리 장식,모자,멕시코 모자,sombrero,FALSE,
태그장신구,머리 장식,모자,밀짚모자,straw_hat,FALSE,
태그장신구,머리 장식,모자,챙이 긴 모자,sun_hat,FALSE,
태그장신구,머리 장식,모자,귀족 모자,tate_eboshi,FALSE,
태그장신구,머리 장식,모자,텐구 모자,tokin_hat,FALSE,
태그장신구,머리 장식,모자,마술사 모자,top_hat,FALSE,
태그장신구,머리 장식,모자,빵 요리사 모자,toque_blanche,FALSE,
태그장신구,머리 장식,모자,삼각뿔 모자,tricorne,FALSE,
태그장신구,머리 장식,모자,일본 결혼식 모자,tsunokakushi,FALSE,
태그장신구,머리 장식,모자,바이저 캡,visor_cap,FALSE,
태그장신구,머리 장식,모자,마녀 모자,witch_hat,FALSE,
태그장신구,머리 장식,모자,마법사 모자,wizard_hat,FALSE,
태그장신구,머리 장식,장신구,왕관,Crowns,FALSE,
태그장신구,머리 장식,장신구,보닛,bonnet,FALSE,
태그장신구,머리 장식,장신구,서클릿,circlet,FALSE,
태그장신구,머리 장식,장신구,천 왕관,diadem,FALSE,
태그장신구,머리 장식,장신구,작은 왕관,mini_crown,FALSE,
태그장신구,머리 장식,장신구,티아라,tiara,FALSE,
태그장신구,머리 장식,장신구,베일,veil,FALSE,
태그장신구,머리 장식,헬멧,미식축구,american_football_helmet,FALSE,
태그장신구,머리 장식,헬멧,야구 헬맷,baseball_helmet,FALSE,
태그장신구,머리 장식,헬멧,자전거 헬맷,bicycle_helmet,FALSE,
태그장신구,머리 장식,헬멧,다이빙 헬맷,diving_helmet,FALSE,
태그장신구,머리 장식,헬멧,뿔 달린 헬맷,horned_helmet,FALSE,
태그장신구,머리 장식,헬멧,오토바이 헬멧,motorcycle_helmet,FALSE,
태그장신구,머리 장식,헬멧,독일군 헬맷,pickelhaube,FALSE,
태그장신구,머리 장식,헬멧,날개 달린 헬맷,winged_helmet,FALSE,
태그장신구,목 장식,넥타이,애스콧 타이,Ascot_Tie,FALSE,
태그장신구,목 장식,넥타이,볼로 타이,Bolo_Tie,FALSE,
태그장신구,목 장식,넥타이,크라밧,Cravate,FALSE,
태그장신구,목 장식,넥타이,자벳,Jabot,FALSE,
태그장신구,목 장식,넥타이,스톡 타이,Stock_Tie,FALSE,
태그장신구,목 장식,넥타이,종 쵸커,bell_choker,FALSE,
태그장신구,목 장식,넥타이,나비 넥타이,bowtie,FALSE,
태그장신구,목 장식,넥타이,쵸커,choker,FALSE,
태그장신구,목 장식,넥타이,끈 타이,cross_tie,FALSE,
태그장신구,목 장식,넥타이,리본 타이,neck_ribbon,FALSE,
태그장신구,목 장식,넥타이,리본 쵸커,ribbon_choker,FALSE,
태그장신구,목 장식,넥타이,스카프,scarf,FALSE,
태그장신구,목 장식,목걸이,팬던트,amulet,FALSE,
태그장신구,목 장식,목걸이,체인 목걸이,chain_necklace,FALSE,
태그장신구,목 장식,목걸이,꽃 목걸이,flower_necklace,FALSE,
태그장신구,목 장식,목걸이,로켓,locket,FALSE,
태그장신구,목 장식,목걸이,마가타마(일본 옥 목걸이),magatama,FALSE,
태그장신구,목 장식,목걸이,목걸이,necklace,FALSE,
태그장신구,목 장식,목걸이,진주 목걸이,pendant,FALSE,
태그장신구,목 장식,목걸이,팬타클,pentacle,FALSE,
태그장신구,목 장식,장신구,고글,goggles_around_neck,FALSE,
태그장신구,목 장식,장신구,헤드폰,headphones_around_neck,FALSE,
태그장신구,목 장식,장신구,사원증,lanyard,FALSE,
태그장신구,목 장식,장신구,목도리,neckerchief,FALSE,
태그장신구,목 장식,장신구,스톨,stole,FALSE,
태그장신구,손 장식,장갑,헬스 글러브,Health_glove,FALSE,
태그장신구,손 장식,장갑,야구 장갑,baseball_glove,FALSE,
태그장신구,손 장식,장갑,야구 장갑,baseball_gloves,FALSE,
태그장신구,손 장식,장갑,당구 장갑,billiard_gloves,FALSE,
태그장신구,손 장식,장갑,권투 클러브,boxing_club,FALSE,
태그장신구,손 장식,장갑,너클,brass_knuckles,FALSE,
태그장신구,손 장식,장갑,의례용 면장갑,ceremonial_cotton_gloves,FALSE,
태그장신구,손 장식,장갑,등산용 장갑,climbing_gloves,FALSE,
태그장신구,손 장식,장갑,방한 장갑,cold_gloves,FALSE,
태그장신구,손 장식,장갑,전투용 장갑,combat_gloves,FALSE,
태그장신구,손 장식,장갑,방검 장갑,gas-proof_gloves,FALSE,
태그장신구,손 장식,장갑,골키퍼 장갑,goalkeeper_gloves,FALSE,
태그장신구,손 장식,장갑,골프 장갑,golf_gloves,FALSE,
태그장신구,손 장식,장갑,방열 장갑,heat-dissipating_gloves,FALSE,
태그장신구,손 장식,장갑,빙상용 장갑,ice_gloves,FALSE,
태그장신구,손 장식,장갑,라텍스 장갑,latex_gloves,FALSE,
태그장신구,손 장식,장갑,가죽 장갑,leather_gloves,FALSE,
태그장신구,손 장식,장갑,격투기 장갑,martial_arts_gloves,FALSE,
태그장신구,손 장식,장갑,오토바이 장갑,motorcycle_gloves,FALSE,
태그장신구,손 장식,장갑,오페라 글러브,opera_glove,FALSE,
태그장신구,손 장식,장갑,비닐 장갑,plastic_gloves,FALSE,
태그장신구,손 장식,장갑,레이싱 글러브,racing_gloves,FALSE,
태그장신구,손 장식,장갑,고무 장갑,rubber_gloves,FALSE,
태그장신구,손 장식,장갑,안전 장갑,safety_gloves,FALSE,
태그장신구,손 장식,장갑,스키 장갑,ski_gloves,FALSE,
태그장신구,손 장식,장갑,뾰족한 너클,spiked_knuckles,FALSE,
태그장신구,손 장식,장갑,전술 장갑,tactical_gloves,FALSE,
태그장신구,얼굴 장식,가면,축제 가면,carnival_mask,FALSE,
태그장신구,얼굴 장식,가면,캐릭터 가면,character_mask,FALSE,
태그장신구,얼굴 장식,가면,광대 가면,clown_mask,FALSE,
태그장신구,얼굴 장식,가면,도미노 가면,domino_mask,FALSE,
태그장신구,얼굴 장식,가면,안대,eye_mask,FALSE,
태그장신구,얼굴 장식,가면,하키 가면,hockey_mask,FALSE,
태그장신구,얼굴 장식,가면,효토코 가면,hyottoko_mask,FALSE,
태그장신구,얼굴 장식,가면,루차도르 가면,luchador_mask,FALSE,
태그장신구,얼굴 장식,가면,닌자 가면,ninja_mask,FALSE,
태그장신구,얼굴 장식,가면,오니 마스크,oni_mask,FALSE,
태그장신구,얼굴 장식,가면,역병의사 가면,plague_doctor_mask,FALSE,
태그장신구,얼굴 장식,가면,해골 마스크,skull_mask,FALSE,
태그장신구,얼굴 장식,가면,레슬링,wrestling_mask,FALSE,
태그장신구,얼굴 장식,마스크,깨진 가면,broken_mask,FALSE,
태그장신구,얼굴 장식,마스크,다이빙 마스크,diving_mask,FALSE,
태그장신구,얼굴 장식,마스크,방독면,gas_mask,FALSE,
태그장신구,얼굴 장식,마스크,반쪽 가면,half_mask,FALSE,
태그장신구,얼굴 장식,마스크,입 가면,mouth_mask,FALSE,
태그장신구,얼굴 장식,마스크,입 베일,mouth_veil,FALSE,
태그장신구,얼굴 장식,마스크,산소 마스크,oxygen_mask,FALSE,
태그장신구,얼굴 장식,마스크,수면 마스크,sleep_mask,FALSE,
태그장신구,얼굴 장식,마스크,수술 마스크,surgical_mask,FALSE,
태그장신구,얼굴 장식,마스크,용접 마스크,welding_mask,FALSE,
태그장신구,얼굴 장식,안경,3D 안경,3d_glasses,FALSE,
태그장신구,얼굴 장식,안경,비행가 안경,aviator_sunglasses,FALSE,
태그장신구,얼굴 장식,안경,연구원 안경,coke-bottle_glasses,FALSE,
태그장신구,얼굴 장식,안경,다이빙 안경,diving_mask,FALSE,
태그장신구,얼굴 장식,안경,안경끈 달린 안경,eyewear_strap,FALSE,
태그장신구,얼굴 장식,안경,비행 고글,flight_goggles,FALSE,
태그장신구,얼굴 장식,안경,재밌는 안경,funny_glasses,FALSE,
태그장신구,얼굴 장식,안경,고글,goggles,FALSE,
태그장신구,얼굴 장식,안경,하트 모양 안경,heart-shaped_eyewear,FALSE,
태그장신구,얼굴 장식,안경,손으로 잡는 안경,lorgnette,FALSE,
태그장신구,얼굴 장식,안경,단안경,monocle,FALSE,
태그장신구,얼굴 장식,안경,불투명한 안경,opaque_glasses,FALSE,
태그장신구,얼굴 장식,안경,오페라 안경,opera_glasses,FALSE,
태그장신구,얼굴 장식,안경,안경테가 두꺼운 안경,over-rim_eyewear,FALSE,
태그장신구,얼굴 장식,안경,콧대에 지지하는 안경,pince-nez,FALSE,
태그장신구,얼굴 장식,안경,직사각형 안경,rectangular_eyewear,FALSE,
태그장신구,얼굴 장식,안경,안경테가 없는 안경,rimless_eyewear,FALSE,
태그장신구,얼굴 장식,안경,둥근 모양 안경,round_eyewear,FALSE,
태그장신구,얼굴 장식,안경,보호 안결,safety_glasses,FALSE,
태그장신구,얼굴 장식,안경,안경테가 하단만 있는 안경,semi-rimless_eyewear,FALSE,
태그장신구,얼굴 장식,안경,사격 안경,shooting_glasses,FALSE,
태그장신구,얼굴 장식,안경,스키 고글,ski_goggles,FALSE,
태그장신구,얼굴 장식,안경,별 모양 안경,star-shaped_eyewear,FALSE,
태그장신구,얼굴 장식,안경,눈물 모양 안경,teardrop-framed_glasses,FALSE,
태그장신구,얼굴 장식,안경,안경테가 아래쪽만 있는 안경,teardrop-framed_glasses,FALSE,
태그장신구,얼굴 장식,안경,반투명한 안경,triangular_eyewear,FALSE,
태그장신구,얼굴 장식,안경,안경테가 위쪽만 있는 안경,under-rim_eyewear,FALSE,
태그동작1,가슴,끼우다,가슴 사이에 팔을 끼우다,arm_between_breasts,FALSE,
태그동작1,가슴,끼우다,가슴 사이에 카드를 키우다,card_between_breasts,FALSE,
태그동작1,가슴,끼우다,가슴 사이에 옷을 끼우다,clothes_between_breasts,FALSE,
태그동작1,가슴,끼우다,가슴 사이에 음식을 끼우다,food_between_breasts,FALSE,
태그동작1,가슴,끼우다,가슴 사이에 머리를 끼우다,head_between_breasts,FALSE,
태그동작1,가슴,끼우다,가슴 사이에 목장식을 끼우다,neckwear_between_breasts,FALSE,
태그동작1,가슴,끼우다,가슴 사이에 사람을 끼우다,person_between_breasts,FALSE,
태그동작1,가슴,끼우다,가슴 사이에 끈을 끼우다,strap_between_breasts,FALSE,
태그동작1,가슴,동작,가슴을 튕기다,bouncing_breasts,FALSE,
태그동작1,가슴,동작,가슴을 경외한다,breast_awe,FALSE,
태그동작1,가슴,동작,가슴을 물다,breast_biting,FALSE,
태그동작1,가슴,동작,가슴을 의식한다,breast_conscious,FALSE,
태그동작1,가슴,동작,가슴을 질투한다,breast_envy,FALSE,
태그동작1,가슴,동작,가슴을 확장한다,breast_expansion,FALSE,
태그동작1,가슴,동작,가슴을 들어 올리다,breast_lift,FALSE,
태그동작1,가슴,동작,가슴을 누른다,breast_press,FALSE,
태그동작1,가슴,동작,가슴을 당긴다,breast_pull,FALSE,
태그동작1,가슴,동작,가슴을 때리다,breast_punch,FALSE,
태그동작1,가슴,동작,가슴을 축소한다,breast_reduction,FALSE,
태그동작1,가슴,동작,가슴을 따귀로 때리다,breast_slap,FALSE,
태그동작1,가슴,동작,가슴을 빨다,breast_sucking,FALSE,
태그동작1,가슴,동작,가슴을 가린다,breast_suppress,FALSE,
태그동작1,가슴,동작,가슴을 벌리다,breasts_apart,FALSE,
태그동작1,가슴,동작,가슴을 측정한다,bust_measuring,FALSE,
태그동작1,가슴,동작,가슴을 받침대처럼 쓴다,convenient_breasts,FALSE,
태그동작1,가슴,동작,가슴을 질투한다,flat_envy,FALSE,
태그동작1,가슴,동작,가슴을 물에 띄우다,floating_breasts,FALSE,
태그동작1,가슴,동작,가슴을 팽창한다,flying_button,FALSE,
태그동작1,가슴,동작,가슴을 더듬다,groping,FALSE,
태그동작1,가슴,동작,가슴을 매달다,hanging_breasts,FALSE,
태그동작1,가슴,동작,가슴을 불편해한다,inconvenient_breasts,FALSE,
태그동작1,가슴,동작,가슴을 바짝 세우다,perky_breasts,FALSE,
태그동작1,가슴,동작,가슴을 출렁인다,unaligned_breasts,FALSE,
태그동작1,가슴,동작,가슴을 무거워한다,weighing_breasts,FALSE,
태그동작1,가슴,애무하다,가슴을 잡다,breast_grab,FALSE,
태그동작1,가슴,애무하다,가슴을 쥐다,breast_hold,FALSE,
태그동작1,가슴,애무하다,가슴을 찌르다,breast_poke,FALSE,
태그동작1,가슴,애무하다,가슴을 짜내다,breast_squeeze,FALSE,
태그동작1,가슴,애무하다,가슴을 수유하다,breastfeeding,FALSE,
태그동작1,가슴,애무하다,젖꼭지를 덮다,covered_nipples,FALSE,
태그동작1,가슴,애무하다,가슴을 쥐게 하다,guided_breast_grab,FALSE,
태그동작1,가슴,애무하다,남의 가슴을 빨다,mutual_breast_sucking,FALSE,
태그동작1,가슴,애무하다,젖꼭지를 만진다,nipple_flick,FALSE,
태그동작1,가슴,애무하다,젖꼭지를 누른다,nipple_press,FALSE,
태그동작1,가슴,애무하다,젖꼭지를 당기다,nipple_pull,FALSE,
태그동작1,가슴,애무하다,젖꼭지를 찌르다,nipple_push,FALSE,
태그동작1,가슴,애무하다,젖꼭지를 문지르다,nipple_rub,FALSE,
태그동작1,가슴,애무하다,젖꼭지를 옷 밖으로 빼내다,nipple_slip,FALSE,
태그동작1,가슴,애무하다,젖꼭지를 비틀다,nipple_tweak,FALSE,
태그동작1,가슴,애무하다,젖꼭지를 부풀리다,puffy_nipples,FALSE,
태그동작1,가슴,애무하다,내 가슴을 빨다,self_breast_sucking,FALSE,
태그동작1,귀,동작,귀를 덮다,covering_ears,FALSE,
태그동작1,귀,동작,귀를 물다,ear_biting,FALSE,
태그동작1,귀,동작,귀를 잡다,ear_grab,FALSE,
태그동작1,귀,동작,귀를 당긴다,ear_pull,FALSE,
태그동작1,귀,동작,귀를 흔든다,ear_wiggle,FALSE,
태그동작1,귀,동작,귀를 만진다,hand_on_ear,FALSE,
태그동작1,귀,동작,귀를 잡는다,holding_ears,FALSE,
태그동작1,눈,동작,눈을 가늘게 뜰다,glaring,FALSE,
태그동작1,눈,동작,눈을 반쯤 가다,half-closed_eyes,FALSE,
태그동작1,눈,동작,눈 위를 손으로 가리다,shading_eyes,FALSE,
태그동작1,눈,동작,눈으로 곁눈질하다,squinting,FALSE,
태그동작1,눈,엿보다,엿보다,peeking,FALSE,
태그동작1,눈,엿보다,숨어서 엿보다,peeking_out,FALSE,
태그동작1,눈,엿보다,손가락 사이로 엿보다,peeking_through_fingers,FALSE,
태그동작1,눈,엿보다,구멍을 엿보다,peephole,FALSE,
태그동작1,눈,울다,눈물을 흘리다,crying,FALSE,
태그동작1,눈,울다,눈물을 흘리며 흐느끼다,sobbing,FALSE,
태그동작1,다리,꿇다,무릎 양쪽을 꿇다,kneeling,,
태그동작1,다리,꿇다,무릎을 벌리고 발을 벌리다,knees_apart_feet_together,,
태그동작1,다리,꿇다,무릎을 모으고 발을 벌리다,knees_together_feet_apart,,
태그동작1,다리,꿇다,무릎 한쪽을 꿇다,one_knee,,
태그동작1,다리,뻗다,다리를 길게 뻗다,outstretched_leg,,
태그동작1,다리,뻗다,다리를 뒤로 뻗다,pigeon_pose,,
태그동작1,다리,뻗다,다리를 서서 뻗다,split,,
태그동작1,다리,뻗다,다리를 서서 뻗다,standing_split,,
태그동작1,다리,올리다,다리 양쪽을 위로 올리다,egs_up,,
태그동작1,다리,올리다,다리를 가슴 위로 올리다,knees_to_chest,,
태그동작1,다리,올리다,다리 한쪽을 위로 올리다,leg_up,,
태그동작1,다리,올리다,다리를 머리 위로 올리다,legs_over_head,,
태그동작1,다리,자세,다리를 꼬다,crossed_legs,,
태그동작1,다리,자세,다리를 앉아서 껴안다,figure_four_sitting,,
태그동작1,다리,자세,다리를 잡는다,folded,,
태그동작1,다리,자세,다리를 껴안다,hugging_own_legs,,
태그동작1,다리,자세,다리를 들다,leg_lift,,
태그동작1,다리,자세,다리를 벌리다,spread_legs,,
태그동작1,다리,자세,다리를 서서 꼬다,watson_cross,,
태그동작1,다리,차다,다리를 1차로 차다,axe_kick,,
태그동작1,다리,차다,다리로 가랑이를 차다,crotch_kick,,
태그동작1,다리,차다,다리를 모아서 차다,drop_kick,,
태그동작1,다리,차다,다리로 허리보다 높이 차다,drop_kick,,
태그동작1,다리,차다,다리로 날아서 차다,flying_kick,,
태그동작1,다리,차다,다리로 차다,kicking,,
태그동작1,머리,동작,머리를 빗다,brushing_hair,FALSE,
태그동작1,머리,동작,머리를 묶다,hair_tucking,FALSE,
태그동작1,머리,동작,머리를 돌리다,hair_twirling,FALSE,
태그동작1,머리,동작,머리를 이발하다,hairdressing,FALSE,
태그동작1,목,동작,목에 한쪽 팔을 감다,arm_around_neck,FALSE,
태그동작1,목,동작,목에 양쪽 팔을 감다,arms_around_neck,FALSE,
태그동작1,목,동작,남의 목에 손을 대다,hand_on_another's_neck,FALSE,
태그동작1,목,동작,내 목에 손을 대다,hand_on_own_neck,FALSE,
태그동작1,목,애무하다,목에 키스하다,kissing_neck,FALSE,
태그동작1,목,애무하다,목을 물어 뜯다,neck_biting,FALSE,
태그동작1,목,애무하다,목을 빨다,necking,FALSE,
태그동작1,몸,기대다,몸을 펜스에 기대다,against_glass,FALSE,
태그동작1,몸,기대다,몸을 나무에 기대다,against_tree,FALSE,
태그동작1,몸,기대다,몸을 벽에 기대다,against_wall,FALSE,
태그동작1,몸,기대다,몸을 기대다,leaning,FALSE,
태그동작1,몸,기대다,몸을 차량에 기대다,leaning_against_car,FALSE,
태그동작1,몸,기대다,몸을 오토바이에 기대다,leaning_against_motorcycle,FALSE,
태그동작1,몸,기대다,몸을 옆으로 기대다,leaning_against_vehicle,FALSE,
태그동작1,몸,기대다,몸을 뒤로 기대다,leaning_back,FALSE,
태그동작1,몸,기대다,몸을 앞으로 기대다,leaning_forward,FALSE,
태그동작1,몸,기대다,몸을 물건에 기대다,leaning_on_object,FALSE,
태그동작1,몸,기대다,몸을 사람에게 기대다,leaning_on_person,FALSE,
태그동작1,몸,기대다,기대다,reclining,FALSE,
태그동작1,몸,기울이다,등을 기울이다,Torso_inclination,FALSE,
태그동작1,몸,기울이다,등이 휘었다,arched_back,FALSE,
태그동작1,몸,기울이다,등을 구부렸다,bent_over,FALSE,
태그동작1,몸,기울이다,등이 구부정하다,slouching,FALSE,
태그동작1,몸,기울이다,등을 뒤틀다,twisted_torso,FALSE,
태그동작1,몸,껴안다,2명 이상을 포옹하다,2Hugging_doable_by_two_or_more_characters,FALSE,
태그동작1,몸,껴안다,2명 이상을 껴안다,2Posture_of_at_least_two_characters,FALSE,
태그동작1,몸,껴안다,껴안다,Hugging,FALSE,
태그동작1,몸,껴안다,1명 이상을 껴안다,Hugging_doable_by_one_or_more_characters,FALSE,
태그동작1,몸,껴안다,팔로 껴안다,arm_hug,FALSE,
태그동작1,몸,껴안다,껴안다,hug,FALSE,
태그동작1,몸,껴안다,뒤에서 껴안다,hug_from_behind,FALSE,
태그동작1,몸,껴안다,다리를 껴안다,hugging_own_legs,FALSE,
태그동작1,몸,껴안다,물건을 껴안다,object_hug,FALSE,
태그동작1,몸,껴안다,꼬리로 껴안다,tail_hug,FALSE,
태그동작1,몸,껴안다,허리를 껴안다,waist_hug,FALSE,
태그동작1,몸,껴안다,날개로 껴안다,wing_hug,FALSE,
태그동작1,몸,눕다,누워서 다리를 꼬다,crossed_legs,FALSE,
태그동작1,몸,눕다,누워서 웅크리다,fetal_position,FALSE,
태그동작1,몸,눕다,눕다,lying,FALSE,
태그동작1,몸,눕다,뒤로 눕다,on_back,FALSE,
태그동작1,몸,눕다,옆으로 눕다,on_side,FALSE,
태그동작1,몸,눕다,엎드려 눕다,on_stomach,FALSE,
태그동작1,몸,동작,네 발로 서다,all_fours,FALSE,
태그동작1,몸,동작,서서 균형을 잡다,balancing,FALSE,
태그동작1,몸,동작,발도 자세를 잡는다,battoujutsu_stance,FALSE,
태그동작1,몸,동작,네 발로 걷다,crawling,FALSE,
태그동작1,몸,동작,얼굴로 떨어지다,faceplant,FALSE,
태그동작1,몸,동작,싸울 자세를 잡는다,fighting_stance,FALSE,
태그동작1,몸,동작,전갈 자세를 잡는다,full_scorpion,FALSE,
태그동작1,몸,동작,물구나무서다,handstand,FALSE,
태그동작1,몸,동작,두 발로 점프하다,jumping,FALSE,
태그동작1,몸,동작,네 발을 들고 복종하다,prostration,FALSE,
태그동작1,몸,동작,두 발로 달리다,running,FALSE,
태그동작1,몸,동작,양쪽 다리로 서다,standing,FALSE,
태그동작1,몸,동작,한쪽 다리로 서다,standing_on_one_leg,FALSE,
태그동작1,몸,동작,스트레칭,stretching,FALSE,
태그동작1,몸,동작,슈퍼 히어로 랜딩,superhero_landing,FALSE,
태그동작1,몸,동작,네 발로 서서 엉덩이를 들다,top-down_bottom-up,FALSE,
태그동작1,몸,동작,상하반전,upside-down,FALSE,
태그동작1,몸,동작,두 발로 걷다,walking,FALSE,
태그동작1,몸,동작,손으로 벽을 타다,wallwalking,FALSE,
태그동작1,몸,마주하다,등을 맞대다,back-to-back,FALSE,
태그동작1,몸,마주하다,뺨을 맞대다,cheek-to-cheek,FALSE,
태그동작1,몸,마주하다,눈을 맞추다,eyecontact,FALSE,
태그동작1,몸,마주하다,이마를 맞대다,forehead-to-forehead,FALSE,
태그동작1,몸,마주하다,머리를 맞대다,head+stogether,FALSE,
태그동작1,몸,마주하다,손을 잡는다,holding_hands,FALSE,
태그동작1,몸,마주하다,다리를 잡는다,leglock,FALSE,
태그동작1,몸,묶다,팔을 묶다,bound_arms,FALSE,
태그동작1,몸,묶다,종아리를 묶다,bound_calves,FALSE,
태그동작1,몸,묶다,발을 묶다,bound_feet,FALSE,
태그동작1,몸,묶다,무릎을 묶다,bound_knees,FALSE,
태그동작1,몸,묶다,다리를 묶다,bound_legs,FALSE,
태그동작1,몸,묶다,허벅지를 묶다,bound_thighs,FALSE,
태그동작1,몸,묶다,몸을 묶다,bound_torso,FALSE,
태그동작1,몸,묶다,손목을 묶다,bound_wrists,FALSE,
태그동작1,몸,묶다,팔을 뒤로 묶다,box_tie,FALSE,
태그동작1,몸,묶다,온몸이 묶이다,crucifixion,FALSE,
태그동작1,몸,묶다,개구리처럼 묶다,frogtie,FALSE,
태그동작1,몸,묶다,팔과 다리를 뒤로 묶다,hogtie,FALSE,
태그동작1,몸,묶다,팔을 묶어 떨어뜨리다,separated_arms,FALSE,
태그동작1,몸,묶다,다리를 묶어 떨어뜨리다,separated_legs,FALSE,
태그동작1,몸,묶다,손목을 묶어 떨어뜨리다,separated_wrists,FALSE,
태그동작1,몸,묶다,사람을 묶어 장식한다,strappado,FALSE,
태그동작1,몸,묶다,사람을 묶어 매달았다,suspension,FALSE,
태그동작1,몸,앉다,나비처럼 앉다,butterfly_sitting,FALSE,
태그동작1,몸,앉다,일본식으로 앉다,seiza,FALSE,
태그동작1,몸,앉다,앉다,sitting,FALSE,
태그동작1,몸,앉다,무릎 위에 앉다,sitting_on_lap,FALSE,
태그동작1,몸,앉다,사람 위에 앉다,sitting_on_person,FALSE,
태그동작1,몸,앉다,쪼그려 앉다,squatting,FALSE,
태그동작1,몸,앉다,양쪽으로 앉다,wariza,FALSE,
태그동작1,몸,앉다,한쪽으로 앉다,yokozuwari,FALSE,
태그동작1,몸,올리다,사람을 들쳐매다,Carrying_someone,FALSE,
태그동작1,몸,올리다,아기를 안다,baby_carry,FALSE,
태그동작1,몸,올리다,가슴을 들다,carried_breast_rest,FALSE,
태그동작1,몸,올리다,들쳐매다,carrying,FALSE,
태그동작1,몸,올리다,어깨 위로 들쳐매다,carrying_over_shoulder,FALSE,
태그동작1,몸,올리다,겨드랑이에 끼고 들다,carrying_under_arm,FALSE,
태그동작1,몸,올리다,아이를 들다,child_carry,FALSE,
태그동작1,몸,올리다,소방관처럼 들다,fireman's_carry,FALSE,
태그동작1,몸,올리다,등에 엎고 나르다,piggyback,FALSE,
태그동작1,몸,올리다,공주님 안기,princess_carry,FALSE,
태그동작1,몸,올리다,어깨로 부축하다,shoulder_carry,FALSE,
태그동작1,몸,올리다,어깨 위에 앉다,sitting_on_shoulder,FALSE,
태그동작1,몸,올리다,어깨 위에 서다,standing_on_shoulder,FALSE,
태그동작1,몸,올리다,사람을 올리다,straddling,FALSE,
태그동작1,몸,올리다,사람을 허벅지에 올리다,thigh_straddling,FALSE,
태그동작1,몸,올리다,사람을 마주보며 올리다,upright_straddle,FALSE,
태그동작1,발,동작,발목을 겹치다,crossed_ankles,,
태그동작1,발,동작,발을 위쪽으로 구부리다,dorsiflexion,,
태그동작1,발,동작,발가락이 위를 향하다,pigeon-toed,,
태그동작1,발,동작,발바닥이 아래로 향하다,plantar_flexion,,
태그동작1,발,동작,발가락을 들고 키스한다,tiptoe_kiss,,
태그동작1,발,동작,발가락을 들고 균형잡다,tiptoes,,
태그동작1,발,밟다,강제로 가랑이를 밟다,crotch_stomping,,
태그동작1,발,밟다,앉아서 머리를 밟다,foot_on_head,,
태그동작1,발,밟다,무릎을 꿇리고 머리를 밟다,stepping,,
태그동작1,발,밟다,발로 강제로 밟다,stomping,,
태그동작1,손,간지럽히다,손으로 간지럽히다,foot_tickling,FALSE,
태그동작1,손,간지럽히다,손으로 간지럽혀 고문하다,tickle_torture,FALSE,
태그동작1,손,간지럽히다,손으로 간지럽히다,tickling,FALSE,
태그동작1,손,동작,손을 닫다,Whole_closed_hand,FALSE,
태그동작1,손,동작,손으로 강조한다,air_quotes,FALSE,
태그동작1,손,동작,손을 뻗다,carry_me,FALSE,
태그동작1,손,동작,손을 쥐다,clenched_hand,FALSE,
태그동작1,손,동작,손을 움켜쥔다,clenched_hands,FALSE,
태그동작1,손,동작,손으로 담는다,cupping_hands,FALSE,
태그동작1,손,동작,손으로 얼굴을 덮다,facepalm,FALSE,
태그동작1,손,동작,손을 안절부절하다,fidgeting,FALSE,
태그동작1,손,동작,손으로 주먹쥐다,fig_sign,FALSE,
태그동작1,손,동작,손으로 주먹을 부딪힌다,fist_bump,FALSE,
태그동작1,손,동작,손으로 모자를잡다,hat_tip,FALSE,
태그동작1,손,동작,손으로 하이파이브,high_five,FALSE,
태그동작1,손,동작,손을 맞물리다,interlocked_fingers,FALSE,
태그동작1,손,동작,손으로 누르다,noogie,FALSE,
태그동작1,손,동작,손을 얽는다,own_hands_clasped,FALSE,
태그동작1,손,동작,손을 겹치다,own_hands_together,FALSE,
태그동작1,손,동작,손으로 인사하다,palm-fist_greeting,FALSE,
태그동작1,손,동작,손으로 탭하다,palm-fist_tap,FALSE,
태그동작1,손,동작,손으로 약속하다,pinky_swear,FALSE,
태그동작1,손,동작,손으로 주먹쥐다,power_fist,FALSE,
태그동작1,손,동작,손을 뻗다,raised_fist,FALSE,
태그동작1,손,동작,손으로 경례한다,salute,FALSE,
태그동작1,손,동작,손을 올려 침묵시킨다,shushing,FALSE,
태그동작1,손,동작,손으로 세우다,steepled_fingers,FALSE,
태그동작1,손,동작,손을 흔들다,waving,FALSE,
태그동작1,손,들다,양손에 무기를 들다,dual_wielding,FALSE,
태그동작1,손,들다,양손에 네 개를 휘두르다,quadruple_wielding,FALSE,
태그동작1,손,들다,양손에 세 개를 휘두르다,triple_wielding,FALSE,
태그동작1,손,때리다,주먹으로 얼굴을 때리다,face_punch,FALSE,
태그동작1,손,때리다,주먹으로 때리려한다,incoming_punch,FALSE,
태그동작1,손,때리다,주먹으로 때리다,punching,FALSE,
태그동작1,손,때리다,주먹으로 배를 때리다,stomach_punch,FALSE,
태그동작1,손,부채질하다,손으로 부채질하다,fainting,FALSE,
태그동작1,손,부채질하다,손으로 부채질하며 말하다,falling,FALSE,
태그동작1,손,부채질하다,손으로 부채질해 가랑이를 식히다,fanning_crotch,FALSE,
태그동작1,손,부채질하다,손으로 부채질해 얼굴을 식히다,fanning_face,FALSE,
태그동작1,손,손짓하다,손짓하다,beckoning,FALSE,
태그동작1,손,손짓하다,손짓하며 도발하다,come_at_me_bro,FALSE,
태그동작1,손,손짓하다,손짓하며 유혹하다,come_hither,FALSE,
태그동작1,손,손짓하다,아래를 향해 손짓하다,outstretched_hand,FALSE,
태그동작1,손,손짓하다,화면 밖을 향해 손짓하다,reaching_out,FALSE,
태그동작1,손,숨기다,손으로 숨기다,covering,FALSE,
태그동작1,손,숨기다,손으로 엉덩이를 숨기다,covering_ass,FALSE,
태그동작1,손,숨기다,손으로 가슴을 숨기다,covering_breasts,FALSE,
태그동작1,손,숨기다,손으로 가랑이를 숨기다,covering_crotch,FALSE,
태그동작1,손,숨기다,손으로 귀를 숨기다,covering_ears,FALSE,
태그동작1,손,숨기다,손으로 눈을 숨기다,covering_eyes,FALSE,
태그동작1,손,숨기다,손으로 입을 가리다,covering_mouth,FALSE,
태그동작1,손,숨기다,손으로 젖꼭지를 숨기다,covering_nipple,FALSE,
태그동작1,손,숨기다,손으로 알몸을 숨기다,nude_cover,FALSE,
태그동작1,손,숨기다,손으로 얼굴을 숨기다,overing_face,FALSE,
태그동작1,손,애무하다,손으로 가슴을 잡다,breast_grab,FALSE,
태그동작1,손,애무하다,손으로 가슴을 쥐다,breast_hold,FALSE,
태그동작1,손,애무하다,손으로 가슴을 들다,breast_lift,FALSE,
태그동작1,손,애무하다,손으로 가슴을 찌르다,breast_poke,FALSE,
태그동작1,손,애무하다,손으로 가슴을 누르다,breast_press,FALSE,
태그동작1,손,애무하다,손으로 가슴을 짜낸다,breast_squeeze,FALSE,
태그동작1,손,애무하다,손으로 가슴을 올린다,breast_suppress,FALSE,
태그동작1,손,애무하다,손으로 가슴을 더듬다,groping,FALSE,
태그동작1,손,올리다,손을 안경에 올리다,adjusting_eyewear,FALSE,
태그동작1,손,올리다,손에 주먹을 넣다,fist_in_hand,FALSE,
태그동작1,손,올리다,손을 다리에 올리다,hand_between_legs,FALSE,
태그동작1,손,올리다,손을 주머니 한쪽에 넣다,hand_in_pocket,FALSE,
태그동작1,손,올리다,손을 입에 올리다,hand_mouth,FALSE,
태그동작1,손,올리다,손을 남의 뺨에 올리다,hand_on_another's_cheek,FALSE,
태그동작1,손,올리다,손을 남의 가슴에 올리다,hand_on_another's_chest,FALSE,
태그동작1,손,올리다,손을 남의 턱에 올리다,hand_on_another's_chin,FALSE,
태그동작1,손,올리다,손을 남의 얼굴에 올리다,hand_on_another's_face,FALSE,
태그동작1,손,올리다,손을 남의 손에 올리다,hand_on_another's_hand,FALSE,
태그동작1,손,올리다,손을 남의 머리에 올리다,hand_on_another's_head,FALSE,
태그동작1,손,올리다,손을 남의 어깨에 올리다,hand_on_another's_shoulder,FALSE,
태그동작1,손,올리다,손을 귀에 올리다,hand_on_ear,FALSE,
태그동작1,손,올리다,손을 모자에 올리다,hand_on_headwear,FALSE,
태그동작1,손,올리다,손을 엉덩이(양쪽)에 올리다,hand_on_own_ass,FALSE,
태그동작1,손,올리다,손을 내 뺨에 올리다,hand_on_own_cheek,FALSE,
태그동작1,손,올리다,손을 내 가슴에 올리다,hand_on_own_chest,FALSE,
태그동작1,손,올리다,손을 내 턱에 올리다,hand_on_own_chin,FALSE,
태그동작1,손,올리다,손을 내 얼굴에 올리다,hand_on_own_face,FALSE,
태그동작1,손,올리다,손을 이마에 올리다,hand_on_own_forehead,FALSE,
태그동작1,손,올리다,손을 내 머리에 올리다,hand_on_own_head,FALSE,
태그동작1,손,올리다,손을 무릎(한쪽)에 올리다,hand_on_own_knee,FALSE,
태그동작1,손,올리다,손을 내 어깨에 올리다,hand_on_own_shoulder,FALSE,
태그동작1,손,올리다,손을 주머니 양쪽에 넣다,hands_in_pockets,FALSE,
태그동작1,손,올리다,손을 엉덩이(한쪽)에 올리다,hands_on_ass,FALSE,
태그동작1,손,올리다,손을 발에 올리다,hands_on_feet,FALSE,
태그동작1,손,올리다,손을 엉덩이에 올리다,hands_on_hips,FALSE,
태그동작1,손,올리다,손을 무릎(양쪽)에 올리다,hands_on_own_knees,FALSE,
태그동작1,손,올리다,손을 손에 올리다,holding_hands,FALSE,
태그동작1,손,올리다,손으로 다리를 들어올리다,leg_lift,FALSE,
태그동작1,손,올리다,손으로 다른 사람의 옷을 들다,lifted_by_another,FALSE,
태그동작1,손,올리다,손으로 자기 옷을 들다,lifted_by_self,FALSE,
태그동작1,손,올리다,손으로 들어올리다,lifting,FALSE,
태그동작1,손,올리다,손으로 이불을 들어올리다,lifting_covers,FALSE,
태그동작1,손,올리다,손으로 사람을 들어올리다,lifting_person,FALSE,
태그동작1,손,잡다,손으로 가슴을 잡다,breast_grab,FALSE,
태그동작1,손,잡다,손으로 잡다,grabbing,FALSE,
태그동작1,손,잡다,손으로 남의 엉덩를 잡다,grabbing_another's_ass,FALSE,
태그동작1,손,잡다,손으로 가슴을 잡게 유도하다,guided_breast_grab,FALSE,
태그동작1,손,잡다,손으로 몸통을 잡다,torso_grab,FALSE,
태그동작1,손,짜내다,손으로 가슴을 짜내다,breast_squeeze,FALSE,
태그동작1,손,짜내다,손으로 강하게 짜내다,squeezing,FALSE,
태그동작1,손,짜내다,손으로 고환을 짜내다,squeezing_testicles,FALSE,
태그동작1,손,측정하다,손으로 가슴을 측정하다,bust_measuring,FALSE,
태그동작1,손,측정하다,손으로 측정하다,measuring,FALSE,
태그동작1,손,측정하다,손으로 자지를 측정하다,penis_measuring,FALSE,
태그동작1,손,측정하다,손으로 허리를 측정하다,waist_measuring,FALSE,
태그동작1,손가락,가리키다,손가락으로 가리키다,pointing,,
태그동작1,손가락,가리키다,손가락으로 가리키다,pointing_at_self,,
태그동작1,손가락,가리키다,손가락으로 뷰어를 가리키다,pointing_at_viewer,,
태그동작1,손가락,가리키다,손가락으로 아래를 가리키다,pointing_down,,
태그동작1,손가락,가리키다,손가락으로 앞을 가리키다,pointing_forward,,
태그동작1,손가락,가리키다,손가락으로 가리키다,pointing_up,,
태그동작1,손가락,가리키다,손가락으로 높이 가리키다,saturday_night_fever,,
태그동작1,손가락,꼬집다,손가락으로 배를 꼬집다,belly_grab,,
태그동작1,손가락,꼬집다,손가락으로 뺨을 꼬집다,cheek_pinching,,
태그동작1,손가락,꼬집다,손가락으로 꼬집다,pinching,,
태그동작1,손가락,동작,손가락 하나를 올리다,One_open_finger,FALSE,
태그동작1,손가락,동작,손가락 세개를 올린다,Three_open_fingers,FALSE,
태그동작1,손가락,동작,손가락 두개를 올리다,Two_open_fingers,FALSE,
태그동작1,손가락,동작,손가락으로 눈을 당긴다,akanbe,FALSE,
태그동작1,손가락,동작,손가락으로 손짓하다,beckoning,FALSE,
태그동작1,손가락,동작,손가락을 교차한다,crossed_fingers,,
태그동작1,손가락,동작,손가락으로 숫자를 세다,finger_counting,FALSE,
태그동작1,손가락,동작,손가락 총,finger_gun,FALSE,
태그동작1,손가락,동작,손가락 하트,finger_heart,FALSE,
태그동작1,손가락,동작,여우 그림자를 만든다,fox_shadow_puppet,FALSE,
태그동작1,손가락,동작,검지 손가락 올리다,index_finger_raised(formerly_fgsfds),FALSE,
태그동작1,손가락,동작,V 사인을 뒤집어 한다,inward_v,FALSE,
태그동작1,손가락,동작,가운데 손가락를 올리다,middle_finger,FALSE,
태그동작1,손가락,동작,"검지, 중지, 약지를 올린다",middle_w,FALSE,
태그동작1,손가락,동작,돈 사인을 한다,money_gesture,FALSE,
태그동작1,손가락,동작,손가락으로 인사하다,ohikaenasutte,,
태그동작1,손가락,동작,OK 사인을 한다,ok_sign,FALSE,
태그동작1,손가락,동작,손가락으로 열다,open_hand,FALSE,
태그동작1,손가락,동작,새끼 손가락을 올리다,pinky_out,FALSE,
태그동작1,손가락,동작,손가락을 뻗다,reaching,,
태그동작1,손가락,동작,손가락으로 경례하다,salute,FALSE,
태그동작1,손가락,동작,엄지와 새끼를 올리다,shaka_sign,FALSE,
태그동작1,손가락,동작,손가락을 입술에얹다,shushing,,
태그동작1,손가락,동작,손가락으로 목을 긋다,slit_throat(gesture),FALSE,
태그동작1,손가락,동작,손가락을 벌리다,spread_fingers,,
태그동작1,손가락,동작,손가락으로 똑바로 경례한다,straight-arm_salute,FALSE,
태그동작1,손가락,동작,엄지 손가락을 내리다,thumbs_down,FALSE,
태그동작1,손가락,동작,엄지 손가락을 들다,thumbs_up,FALSE,
태그동작1,손가락,동작,두 손가락으로 경례한다,two-finger_salute,FALSE,
태그동작1,손가락,동작,눈에 V 사인을 한다,v_over_eye,FALSE,
태그동작1,손가락,동작,입에 V 사인을 한다,v_over_mouth,FALSE,
태그동작1,손가락,동작,V 사인을 한다,v_sign,FALSE,
태그동작1,손가락,동작,"검지와 중지, 약지와 새끼를 올린다",vulcan_salute,FALSE,
태그동작1,손가락,동작,더블 피스 사인을 한다,w_sign,FALSE,
태그동작1,손가락,동작,손가락을 흔들다,waving,,
태그동작1,얼굴,표정,화난 표정,Angry_face,FALSE,
태그동작1,얼굴,표정,지루한 표정,Boring_face,FALSE,
태그동작1,얼굴,표정,미친 표정,Crazy_face,FALSE,
태그동작1,얼굴,표정,실망한 표정,Disappointed_face,FALSE,
태그동작1,얼굴,표정,당황한 표정,Embarrassed_face,FALSE,
태그동작1,얼굴,표정,들뜬 표정,Giddy_face,FALSE,
태그동작1,얼굴,표정,암울한 표정,Gloomy_face,FALSE,
태그동작1,얼굴,표정,우울한 표정,Gloomy_face,FALSE,
태그동작1,얼굴,표정,기쁜 표정,Happy_face,FALSE,
태그동작1,얼굴,표정,행복한 표정,Happy_face,FALSE,
태그동작1,얼굴,표정,가벼운 표정,Light_face,FALSE,
태그동작1,얼굴,표정,외로운 표정,Lonely_face,FALSE,
태그동작1,얼굴,표정,초조한 표정,Nervous_face,FALSE,
태그동작1,얼굴,표정,슬픈 표정,Sad_face,FALSE,
태그동작1,얼굴,표정,무서운 표정,Scary_face,FALSE,
태그동작1,얼굴,표정,심각한 표정,Serious_face,FALSE,
태그동작1,얼굴,표정,부끄러운 표정,Shameful_face,FALSE,
태그동작1,얼굴,표정,졸린 표정,Sleepy_face,FALSE,
태그동작1,얼굴,표정,피곤한 표정,Tired_face,FALSE,
태그동작1,얼굴,표정,불안한 표정,Unstable_face,FALSE,
태그동작1,얼굴,표정,속상한 표정,Upset_face,FALSE,
태그동작1,얼굴,표정,억지 부리는 표정,Withdistaste_face,FALSE,
태그동작1,얼굴,표정,흥분한 표정,aroused_face,FALSE,
태그동작1,얼굴,표정,오만한 표정,arrogant_face,FALSE,
태그동작1,얼굴,표정,자비로운 표정,benevolent_face,FALSE,
태그동작1,얼굴,표정,해맑은 표정,bright_face,FALSE,
태그동작1,얼굴,표정,매혹한 표정,charmed_face,FALSE,
태그동작1,얼굴,표정,혼란한 표정,confused_face,FALSE,
태그동작1,얼굴,표정,우는 표정,crying_face,FALSE,
태그동작1,얼굴,표정,희망한 표정,desired_face,FALSE,
태그동작1,얼굴,표정,절망한 표정,despair_face,FALSE,
태그동작1,얼굴,표정,단호한 표정,determined_face,FALSE,
태그동작1,얼굴,표정,괴로운 표정,distressed_face,FALSE,
태그동작1,얼굴,표정,취한 표정,drunk_face,FALSE,
태그동작1,얼굴,표정,간절한 표정,earnest_face,FALSE,
태그동작1,얼굴,표정,느긋한 표정,easygoing_face,FALSE,
태그동작1,얼굴,표정,황홀한 표정,ecstasy_face,FALSE,
태그동작1,얼굴,표정,부러운 표정,envious_face,FALSE,
태그동작1,얼굴,표정,사악한 표정,evil_face,FALSE,
태그동작1,얼굴,표정,무표정한 표정,expression_face,FALSE,
태그동작1,얼굴,표정,질겁한표정,frightened_face,FALSE,
태그동작1,얼굴,표정,좌절한 표정,frustrated_face,FALSE,
태그동작1,얼굴,표정,상냥한 표정,gentle_face,FALSE,
태그동작1,얼굴,표정,생각한 표정,idea_face,FALSE,
태그동작1,얼굴,표정,짜증난 표정,irritating_face,FALSE,
태그동작1,얼굴,표정,즐거운 표정,joyful_face,FALSE,
태그동작1,얼굴,표정,한탄한 표정,lamented_face,FALSE,
태그동작1,얼굴,표정,비참한 표정,miserable_face,FALSE,
태그동작1,얼굴,표정,분노한 표정,outraged_face,FALSE,
태그동작1,얼굴,표정,창백한 표정,pale_face,FALSE,
태그동작1,얼굴,표정,한심한 표정,pathetic_face,FALSE,
태그동작1,얼굴,표정,잘난척한 표정,pretentious_face,FALSE,
태그동작1,얼굴,표정,신성한 표정,sacred_face,FALSE,
태그동작1,얼굴,표정,비웃는 표정,scoffing_face,FALSE,
태그동작1,얼굴,표정,경멸한 표정,scornful_face,FALSE,
태그동작1,얼굴,표정,유혹한 표정,seduced_face,FALSE,
태그동작1,얼굴,표정,웃는 표정,smiling_face,FALSE,
태그동작1,얼굴,표정,애달픈 표정,sorrowful_face,FALSE,
태그동작1,얼굴,표정,억눌린 표정,suppressed_face,FALSE,
태그동작1,얼굴,표정,놀란 표정,surprised_face,FALSE,
태그동작1,얼굴,표정,의심한 표정,suspicious_face,FALSE,
태그동작1,얼굴,표정,울먹이는 표정,tearful_face,FALSE,
태그동작1,얼굴,표정,감동한 표정,touched_face,FALSE,
태그동작1,얼굴,표정,붉히는 표정,turnred_face,FALSE,
태그동작1,얼굴,표정,억울한 표정,unfair_face,FALSE,
태그동작1,얼굴,표정,불행한 표정,unfortunate_face,FALSE,
태그동작1,얼굴,표정,걱정한 표정,worried_face,FALSE,
태그동작1,얼굴,화장하다,화장하다,applying_makeup,FALSE,
태그동작1,얼굴,화장하다,몸에 낙서하다,body_writing,FALSE,
태그동작1,얼굴,화장하다,다른 사람 얼굴에 낙서하다,drawing_on_another's_face,FALSE,
태그동작1,얼굴,화장하다,눈꼬리를 화장하다,eyeliner,FALSE,
태그동작1,얼굴,화장하다,눈꺼풀을 화장하다,eyeshadow,FALSE,
태그동작1,얼굴,화장하다,얼굴에 낙서하다,face_paint,FALSE,
태그동작1,얼굴,화장하다,입술을 부드럽게 화장하다,lip_balm,FALSE,
태그동작1,얼굴,화장하다,입술을 광택나게 화장하다,lipgloss,FALSE,
태그동작1,얼굴,화장하다,입술을 화장하다,lipstick,FALSE,
태그동작1,얼굴,화장하다,속눈썹을 화장하다,mascara,FALSE,
태그동작1,얼굴,화장하다,얼굴에 페인트가 튀다,paint_splatteron_face,FALSE,
태그동작1,얼굴,화장하다,뺨(볼)을 화장하다,rouge=(makeup),FALSE,
태그동작1,엉덩이,동작,엉덩이를 물다,ass_biting,FALSE,
태그동작1,엉덩이,동작,엉덩이가 커지다,ass_expansion,FALSE,
태그동작1,엉덩이,동작,엉덩이를 잡다,ass_grab,FALSE,
태그동작1,엉덩이,동작,엉덩이를 흔들다,ass_shake,FALSE,
태그동작1,엉덩이,동작,엉덩이를 덮다,covering_ass,FALSE,
태그동작1,엉덩이,동작,엉덩이를 더듬다,groping,FALSE,
태그동작1,입,깨물다,이빨로 엉덩이를 깨물다,ass_biting,FALSE,
태그동작1,입,깨물다,이빨로 깨물다,biting,FALSE,
태그동작1,입,깨물다,이빨로 혀를 깨물다,biting_tongue,FALSE,
태그동작1,입,깨물다,이빨로 가슴을 깨물다,breast_biting,FALSE,
태그동작1,입,깨물다,이빨로 뺨을 깨물다,cheek_biting,FALSE,
태그동작1,입,깨물다,이빨로 귀를 깨물다,ear_biting,FALSE,
태그동작1,입,깨물다,이빨로 손가락을 깨물다,finger_biting,FALSE,
태그동작1,입,깨물다,이빨로 포피를 깨물다,foreskin_biting,TRUE,
태그동작1,입,깨물다,이빨로 장갑을 깨물다,glove_biting,FALSE,
태그동작1,입,깨물다,이빨로 손을 깨물다,hand_biting,FALSE,
태그동작1,입,깨물다,이빨로 머리를 깨물다,head_biting,FALSE,
태그동작1,입,깨물다,이빨로 입술을 깨물다,lip_biting,FALSE,
태그동작1,입,깨물다,이빨로 손톱을 깨물다,nail_biting,FALSE,
태그동작1,입,깨물다,이빨로 자지를 깨물다,penis_biting,TRUE,
태그동작1,입,깨물다,이빨로 꼬리를 깨물다,tail_biting,FALSE,
태그동작1,입,깨물다,이빨로 엄지를 깨물다,thumb_biting,FALSE,
태그동작1,입,동작,입을 다물다,Closed_mouth,FALSE,
태그동작1,입,동작,입술을 핥다,Licking_lips,FALSE,
태그동작1,입,동작,입을 벌리다,Open_mouth,FALSE,
태그동작1,입,동작,입술이 갈라지다,Parted_lips,FALSE,
태그동작1,입,동작,입술을 오므리다,Puckered_lips,FALSE,
태그동작1,입,동작,입술을 내밀다,Pursed_lips,FALSE,
태그동작1,입,동작,입술을 벌리다,Spread_lips,FALSE,
태그동작1,입,먹다,피를 빨다,blood_sucking,FALSE,
태그동작1,입,먹다,씹다,chewing,FALSE,
태그동작1,입,먹다,먹다,eating,FALSE,
태그동작1,입,먹다,아이스크림을 빨다,popsicle_in_mouth,FALSE,
태그동작1,입,먹다,꼬리를 빨다,sucking_tail,FALSE,
태그동작1,입,먹다,삼키다,swallowing,FALSE,
태그동작1,입,먹다,시식하다,tasting,FALSE,
태그동작1,입,빨다,입으로 가슴을 빨다,breast_sucking,FALSE,
태그동작1,입,빨다,입으로 옷 위의 가슴을 빨다,breast_sucking_through_clothes,FALSE,
태그동작1,입,빨다,입으로 가슴을 양쪽에서 빨다,double_breast_sucking,FALSE,
태그동작1,입,빨다,입으로 손가락을 빨다,finger_sucking,FALSE,
태그동작1,입,빨다,입으로 서로 가슴을 빨다,mutual_breast_sucking,FALSE,
태그동작1,입,빨다,입으로 양쪽 젖꽂지를 빨다,sucking_both_nipples,TRUE,
태그동작1,입,빨다,입으로 가슴을 혼자서 다 빨다,sucking_on_multiple_breasts,FALSE,
태그동작1,입,빨다,입으로 고환을 빨다,testicle_sucking,TRUE,
태그동작1,입,빨다,입으로 발가락을 빨다,toe_sucking,FALSE,
태그동작1,입,키스하다,입에 공기를 넣으며 키스한다,Air_Cleaning_Kiss,FALSE,
태그동작1,입,키스하다,가볍게 키스한다,Bird_Kiss,FALSE,
태그동작1,입,키스하다,입술을 교차해 키스한다,Cross_Kiss,FALSE,
태그동작1,입,키스하다,혀를 깊숙히 넣어 키스한다,Deep_Kiss,FALSE,
태그동작1,입,키스하다,혀를 깨물며 키스한다,Eating_Kiss,FALSE,
태그동작1,입,키스하다,입술을 벌린 채 키스한다,French_Kiss,FALSE,
태그동작1,입,키스하다,입술을 깨물며 키스한다,Hamburger_Kiss,FALSE,
태그동작1,입,키스하다,혀를 받아들여 키스한다,Inside_Kiss,FALSE,
태그동작1,입,키스하다,입술을 밀착해 키스한다,Sliding_Kiss,FALSE,
태그동작1,입,키스하다,혀를 엮으며 키스한다,Tongue_Training_Kiss,FALSE,
태그동작1,입,키스하다,입술 전체를 덮어 키스한다,Wide_Space_Kiss,FALSE,
태그동작1,입,키스하다,혀를 비비며 키스한다,Wrestler_Kiss,FALSE,
태그동작1,입,키스하다,립스틱 자국을 항문에 새기다,lipstick_mark_on_anus,TRUE,
태그동작1,입,키스하다,립스틱 자국을 유륜에 새기다,lipstick_mark_on_areola,TRUE,
태그동작1,입,키스하다,립스틱 자국을 팔에 새기다,lipstick_mark_on_arm,FALSE,
태그동작1,입,키스하다,립스틱 자국을 엉덩이에 새기다,lipstick_mark_on_ass,FALSE,
태그동작1,입,키스하다,립스틱 자국을 가슴에 새기다,lipstick_mark_on_breast,FALSE,
태그동작1,입,키스하다,립스틱 자국을 가슴에 새기다,lipstick_mark_on_chest,FALSE,
태그동작1,입,키스하다,립스틱 자국을 가랑이에 새기다,lipstick_mark_on_crotch,FALSE,
태그동작1,입,키스하다,립스틱 자국을 다리에 새기다,lipstick_mark_on_leg,FALSE,
태그동작1,입,키스하다,립스틱 자국을 목에 새기다,lipstick_mark_on_neck,FALSE,
태그동작1,입,키스하다,립스틱 자국을 젖꼭지에 새기다,lipstick_mark_on_nipple,TRUE,
태그동작1,입,키스하다,립스틱 자국을 자지에 새긴다,lipstick_mark_on_penis,TRUE,
태그동작1,입,키스하다,립스틱 자국을 보지에 새기다,lipstick_mark_on_pussy,TRUE,
태그동작1,입,키스하다,립스틱 자국을 어깨에 새기다,lipstick_mark_on_shoulder,FALSE,
태그동작1,입,키스하다,립스틱 자국을 배에 새기다,lipstick_mark_on_stomach,FALSE,
태그동작1,입,키스하다,립스틱 자국을 고환에 새긴다,lipstick_mark_on_testicles,TRUE,
태그동작1,입,키스하다,립스틱 자국을 허벅지에 새기다,lipstick_mark_on_thighs,FALSE,
태그동작1,입,호흡하다,숨쉬다,breathing,FALSE,
태그동작1,입,호흡하다,거품을 풀다,bubble_blowing,FALSE,
태그동작1,입,호흡하다,기침한다,coughing,FALSE,
태그동작1,입,호흡하다,침을 흘리다,drooling,FALSE,
태그동작1,입,호흡하다,거칠게 숨쉬다,heavy_breathing_(panting),FALSE,
태그동작1,코,동작,냄새를 맡다,smelling,FALSE,
태그동작1,코,동작,옷의 냄새를 맡다,smelling_clothes,FALSE,
태그동작1,코,동작,팬티스타킹의 냄새를 맡다,smelling_pantyhose,FALSE,
태그동작1,코,동작,속옷의 냄새를 맡다,smelling_underwear,FALSE,
태그동작1,팔,동작,팔 한쪽을 뒤로 들다,arm_behind_back,FALSE,
태그동작1,팔,동작,팔을 머리 위로 들다,arm_behind_head,FALSE,
태그동작1,팔,동작,팔을 위로 들다,arm_up,FALSE,
태그동작1,팔,동작,팔 양쪽을 뒤로 들다,arms_behind_back,FALSE,
태그동작1,팔,동작,팔로 하트를 그리다,heart_arms,FALSE,
태그동작1,팔,잡는다,강제로 팔을 뒤로 잡는다,Arm_grab,FALSE,
태그동작1,팔,잡는다,강제로 목을 조르다,Choke_hold,FALSE,
태그동작1,팔,잡는다,강제로 다리를 잡는다,Leg_grab,FALSE,
태그동작1,팔,잡는다,강제로 끈으로 묶는다,Tied_up,FALSE,
태그동작1,팔,잡는다,강제로 손목을 잡다,holding_another's_wrist,FALSE,
태그동작1,팔,잡는다,강제로 등 뒤에서 목을 조르다,rear_naked_choke,FALSE,
태그동작1,팔,잡는다,팔로 강제로 잡는다,struggling,FALSE,
태그동작1,팔,잡는다,강제로 다리로 목을 조르다,triangle_choke,FALSE,
태그동작1,팔,잡는다,강제로 팔로 목을 조르다,triangle_choke,FALSE,
태그동작1,혀,동작,혀로 핥아먹다,licking_stomach,FALSE,
태그동작1,혀,동작,혀를 잡다,tongue_grab,FALSE,
태그동작1,혀,동작,혀를 내밀다,tongue_out,FALSE,
태그동작1,혀,핥다,혀로 핥다,licking,FALSE,
태그동작1,혀,핥다,혀로 팔을 핥다,licking_arm,FALSE,
태그동작1,혀,핥다,혀로 겨드랑이를 핥다,licking_armpit,FALSE,
태그동작1,혀,핥다,혀로 엉덩이를 핥다,licking_ass,FALSE,
태그동작1,혀,핥다,혀로 배를 핥다,licking_belly,FALSE,
태그동작1,혀,핥다,혀로 가슴을 핥다,licking_breast,FALSE,
태그동작1,혀,핥다,혀로 뺨을 핥다,licking_cheek,FALSE,
태그동작1,혀,핥다,혀로 쇄골을 핥다,licking_collarbone,FALSE,
태그동작1,혀,핥다,혀로 귀를 핥다,licking_ear,FALSE,
태그동작1,혀,핥다,혀로 얼굴을 핥다,licking_face,FALSE,
태그동작1,혀,핥다,혀로 손가락을 핥다,licking_finger,FALSE,
태그동작1,혀,핥다,혀로 발을 핥다,licking_foot,FALSE,
태그동작1,혀,핥다,혀로 손을 핥다,licking_hand,FALSE,
태그동작1,혀,핥다,혀로 엉덩이를 핥다,licking_hip,TRUE,
태그동작1,혀,핥다,혀로 다리를 핥다,licking_leg,FALSE,
태그동작1,혀,핥다,혀로 입술을 핥다,licking_lips,FALSE,
태그동작1,혀,핥다,혀로 배꼽을 핥다,licking_navel,FALSE,
태그동작1,혀,핥다,혀로 목을 핥다,licking_neck,FALSE,
태그동작1,혀,핥다,혀로 젖꼭지를 핥다,licking_nipple,FALSE,
태그동작1,혀,핥다,혀로 자지를 핥다,licking_penis,TRUE,
태그동작1,혀,핥다,혀로 고환을 핥다,licking_testicle,TRUE,
태그동작1,혀,핥다,혀로 허벅지를 핥다,licking_thigh,FALSE,
태그동작1,혀,핥다,혀로 발가락을 핥다,licking_toe,FALSE,
태그동작2,귀걸이,행동,귀걸이를 고치다,adjusting_earrings,FALSE,
태그동작2,넥타이,행동,넥타이를 잡다,necktie_grab,FALSE,
태그동작2,드레스,행동,드레스를 옆으로 넘기다,dress_aside,FALSE,
태그동작2,드레스,행동,드레스를 위로 올리다,dress_pull,FALSE,
태그동작2,드레스,행동,드레스를 아래로 내리다,dress_tug,FALSE,
태그동작2,마스크,행동,마스크를 들다,holding_mask,FALSE,
태그동작2,마스크,행동,마스크를 목에 걸다,mask_around_neck,FALSE,
태그동작2,마스크,행동,마스크를 위로 올리다,mask_lift,FALSE,
태그동작2,마스크,행동,마스크를 머리 위에 올리다,mask_on_head,FALSE,
태그동작2,마스크,행동,마스크를 눈 위에 올리다,mask_over_one_eye,FALSE,
태그동작2,마스크,행동,마스크를 아래로 당기다,mask_pull,FALSE,
태그동작2,마스크,행동,마스크를 벗었다,mask_removed,FALSE,
태그동작2,마스크,행동,마스크를 벗다,removing_mask,FALSE,
태그동작2,모자,행동,모자를 고치다,adjusting_headwear,FALSE,
태그동작2,모자,행동,모자를 거꾸로 쓰다,backwards_hat,FALSE,
태그동작2,모자,행동,모자를 손으로 잡다,hand_on_headwear,FALSE,
태그동작2,모자,행동,모자를 날리다,hat_loss,FALSE,
태그동작2,모자,행동,모자를 가슴 위에 올리다,hat_on_chest,FALSE,
태그동작2,모자,행동,모자를 눈 양쪽 위에 올리다,hat_over_eyes,FALSE,
태그동작2,모자,행동,모자를 눈 한쪽 위에 올리다,hat_over_one_eye,FALSE,
태그동작2,모자,행동,모자를 벗다,hat_removed,FALSE,
태그동작2,모자,행동,모자를 잡다,hat_tip,FALSE,
태그동작2,모자,행동,모자를 들다,holding_hat,FALSE,
태그동작2,모자,행동,모자를 씌우다,putting_on_headwear,FALSE,
태그동작2,모자,행동,모자를 옆으로 쓰다,sideways_hat,FALSE,
태그동작2,모자,행동,모자를 기울이다,tilted_headwear,FALSE,
태그동작2,모자,행동,모자를 찢었다,torn_hat,FALSE,
태그동작2,브래지어,행동,브래지어를 고치다,adjusting_bra,FALSE,
태그동작2,브래지어,행동,브래지어를 위로 올리다,bra_lift,FALSE,
태그동작2,브래지어,행동,브래지어를 엉덩이에 씌우다,bra_on_ass,FALSE,
태그동작2,브래지어,행동,브래지어를 머리에 씌우다,bra_on_head,FALSE,
태그동작2,브래지어,행동,브래지어를 벗었다,bra_pull,FALSE,
태그동작2,브래지어,행동,브래지어를 벗다,bra_removed,FALSE,
태그동작2,브래지어,행동,브래지어를 들다,holding_bra,FALSE,
태그동작2,브래지어,행동,브래지어를 입지 않다,no_bra,FALSE,
태그동작2,브래지어,행동,브래지어를 풀었다,open_bra,FALSE,
태그동작2,브래지어,행동,브래지어를 찢었다,torn_bra,FALSE,
태그동작2,상의,행동,셔츠를 내려 가슴 양쪽을 노출하다,breasts_out,FALSE,
태그동작2,상의,행동,망토를 위로 올렸다,cape_lift,FALSE,
태그동작2,상의,행동,셔츠의 옷깃을 잡았다,collar_grab,FALSE,
태그동작2,상의,행동,셔츠의 옷깃을 당기다,collar_tug,FALSE,
태그동작2,상의,행동,후드를 아래로 내리다,hood_down,FALSE,
태그동작2,상의,행동,셔츠를 내려 가슴 한쪽을 노출하다,one_breast_out,FALSE,
태그동작2,상의,행동,코트를 풀었다,open_coat,FALSE,
태그동작2,상의,행동,셔츠의 옷깃을 풀었다,open_collar,FALSE,
태그동작2,상의,행동,재킷를 풀었다,open_jacket,FALSE,
태그동작2,상의,행동,로브를 풀었다,open_robe,FALSE,
태그동작2,상의,행동,셔츠를 풀었다,open_shirt,FALSE,
태그동작2,상의,행동,가운을 옆으로 넘겼다,robe_slip,FALSE,
태그동작2,상의,행동,셔츠를 옆으로 넘기다,shirt_aside,FALSE,
태그동작2,상의,행동,셔츠를 위로 올렸다,shirt_lift,FALSE,
태그동작2,상의,행동,셔츠를 옆으로 당기다,shirt_pull,FALSE,
태그동작2,상의,행동,셔츠를 옆으로 내리다,shirt_slip,FALSE,
태그동작2,상의,행동,셔츠를 아래로 당기다,shirt_tug,FALSE,
태그동작2,상의,행동,셔츠의 끝을 위로 올려 묶다,sleeves_pushed_up,FALSE,
태그동작2,상의,행동,셔츠의 소매를 위로 올렸다,sleeves_rolled_up,FALSE,
태그동작2,상의,행동,셔츠의 끈을 위로 올린다,strap_lift,FALSE,
태그동작2,상의,행동,셔츠의 끈을 아래로 내리다,strap_slip,FALSE,
태그동작2,상의,행동,스웨터를 위로 올렸다,sweater_lift,FALSE,
태그동작2,수영복,행동,수영복을 고치다,adjusting_swimsuit,FALSE,
태그동작2,수영복,행동,수영복을 옆으로 넘기다,bikini_aside,FALSE,
태그동작2,수영복,행동,수영복을 하의만 입다,bikini_bottom_only,FALSE,
태그동작2,수영복,행동,수영복을 위로 올리다,bikini_lift,FALSE,
태그동작2,수영복,행동,수영복을 위로 당기다,bikini_pull,FALSE,
태그동작2,수영복,행동,수영복을 상의만 입다,bikini_top_only,FALSE,
태그동작2,수영복,행동,수영복을 풀었다,open_bikini,FALSE,
태그동작2,수영복,행동,수영복을 옆으로 넘기다,swimsuit_aside,FALSE,
태그동작2,수영복,행동,수영복 위로 옷을 입다,swimsuit_cover-up,FALSE,
태그동작2,수영복,행동,수영복을 위로 당기다,swimsuit_pull,FALSE,
태그동작2,수영복,행동,수영복을 옷 안에 입다,swimsuit_under_clothes,FALSE,
태그동작2,수영복,행동,수영복을 찢었다,torn_swimsuit,FALSE,
태그동작2,안경,행동,안경을 조정하다,adjusting_eyewear,FALSE,
태그동작2,안경,행동,안경을 기울이다,crooked_eyewear,FALSE,
태그동작2,안경,행동,안경을 옷 위에 걸다,eyewear_hang,FALSE,
태그동작2,안경,행동,안경을 입으로 물다,eyewear_in_mouth,FALSE,
태그동작2,안경,행동,안경을 머리 위에 올리다,eyewear_on_head,FALSE,
태그동작2,안경,행동,안경을 모자 위에 올리다,eyewear_on_headwear,FALSE,
태그동작2,안경,행동,안경을 벗었다,eyewear_removed,FALSE,
태그동작2,안경,행동,안경을 바꿔 끼다,eyewear_switch,FALSE,
태그동작2,안경,행동,안경을 끼고 본다,eyewear_view,FALSE,
태그동작2,안경,행동,안경을 살짝 위로 올린다,hand_on_eyewear,FALSE,
태그동작2,안경,행동,안경을 잡다,holding_eyewear,FALSE,
태그동작2,안경,행동,안경을 찾다,looking_for_glasses,FALSE,
태그동작2,안경,행동,안경을 끼고 엿본다,looking_over_eyewear,FALSE,
태그동작2,안경,행동,안경을 벗다,removing_eyewear,FALSE,
태그동작2,양말,행동,양말을 고치다,adjusting_legwear,FALSE,
태그동작2,양말,행동,양말을 들다,holding_legwear,FALSE,
태그동작2,양말,행동,양말이 다른 걸 입다,mismatched_legwear,FALSE,
태그동작2,양말,행동,팬티 스타킹을 내리다,pantyhose_pull,FALSE,
태그동작2,양말,행동,양말을 벗다,pulling_off_legwear,FALSE,
태그동작2,양말,행동,양말을 입다,putting_on_legwear,FALSE,
태그동작2,양말,행동,양말을 벗었다,removing_legwear,FALSE,
태그동작2,양말,행동,양말이 팽팽하다,taut_legwear,FALSE,
태그동작2,양말,행동,양말이 찢어졌다,torn_legwear,FALSE,
태그동작2,양말,행동,양말이 젖었다,wet_legwear,FALSE,
태그동작2,의상,행동,옷을 고치다,adjusting_clothes,FALSE,
태그동작2,의상,행동,옷을 하의만 입었다,bottomless,FALSE,
태그동작2,의상,행동,옷을 아래로 내리다,clothes_down,FALSE,
태그동작2,의상,행동,옷을 당기다,clothes_grab,FALSE,
태그동작2,의상,행동,옷을 옆으로 넘기다,clothing_aside,FALSE,
태그동작2,의상,행동,기모노를 위로 올리다,kimono_lift,FALSE,
태그동작2,의상,행동,기모노를 아래로 내리다,kimono_pull,FALSE,
태그동작2,의상,행동,레오타드를 옆으로 넘기다,leotard_aside,FALSE,
태그동작2,의상,행동,레오타드를 위로 당기다,leotard_pull,FALSE,
태그동작2,의상,행동,옷을 풀었다,open_clothes,FALSE,
태그동작2,의상,행동,옷을 옆으로 내리다,open_hoodie,FALSE,
태그동작2,의상,행동,기모노를 벗다,open_kimono,FALSE,
태그동작2,의상,행동,수건을 풀었다,open_towel,FALSE,
태그동작2,의상,행동,잠옷을 아래로 내렸다,pajamas_pull,FALSE,
태그동작2,의상,행동,옷을 상의만 입었다,topless,FALSE,
태그동작2,의상,행동,수건을 벗겨졌다,towel_slip,FALSE,
태그동작2,의상,행동,옷을 갈아 입는다,undressing,FALSE,
태그동작2,의상,행동,옷을 묶지 않았다,untied,FALSE,
태그동작2,의상,행동,옷을 풀린다,untying,FALSE,
태그동작2,의상,행동,옷의 지퍼를 풀다,unzipped,FALSE,
태그동작2,의상,행동,옷의 지퍼를 내리다,unzipping,FALSE,
태그동작2,의상,행동,옷의 물을 짜다,wringing_clothes,FALSE,
태그동작2,의상,행동,유카타를 위로 올리다,yukata_lift,FALSE,
태그동작2,팬티,행동,팬티를 고치다,adjusting_panties,FALSE,
태그동작2,팬티,행동,팬티를 손대다,hand_in_panties,FALSE,
태그동작2,팬티,행동,팬티를 들다,holding_panties,FALSE,
태그동작2,팬티,행동,팬티를 발목에 걸다,panties_around_ankles,FALSE,
태그동작2,팬티,행동,팬티를 다리에 걸다,panties_around_one_leg,FALSE,
태그동작2,팬티,행동,팬티를 옆으로 넘기다,panties_aside,FALSE,
태그동작2,팬티,행동,팬티를 입 안에 넣다,panties_in_mouth,FALSE,
태그동작2,팬티,행동,팬티를 가슴에 씌우다,panties_on_breasts,FALSE,
태그동작2,팬티,행동,팬티를 머리에 씌우다,panties_on_head,FALSE,
태그동작2,팬티,행동,팬티를 위로 올리다,panty_lift,FALSE,
태그동작2,팬티,행동,팬티를 아래로 내리다,panty_pull,FALSE,
태그동작2,하의,행동,브루마를 옆으로 넘기다,buruma_aside,FALSE,
태그동작2,하의,행동,브루마를 아래로 내렸다,buruma_pull,FALSE,
태그동작2,하의,행동,치마를 안에서 엿보다,extended_upskirt,FALSE,
태그동작2,하의,행동,하카마를 아래로 내리다,hakama_pull,FALSE,
태그동작2,하의,행동,바지를 풀었다,open_pants,FALSE,
태그동작2,하의,행동,반바지를 풀었다,open_shorts,FALSE,
태그동작2,하의,행동,치마를 풀었다,open_skirt,FALSE,
태그동작2,하의,행동,바지를 아래로 내렸다,pants_pull,FALSE,
태그동작2,하의,행동,반바지를 옆으로 넘기다,shorts_aside,FALSE,
태그동작2,하의,행동,반바지를 아래로 내리다,shorts_pull,FALSE,
태그동작2,하의,행동,치마를 발목에 걸었다,skirt_around_ankles,FALSE,
태그동작2,하의,행동,치마를 다리에 걸었다,skirt_around_one_leg,FALSE,
태그동작2,하의,행동,치마를 잡았다,skirt_grab,FALSE,
태그동작2,하의,행동,치마를 위로 올리다,skirt_lift,FALSE,
태그동작2,하의,행동,치마를 아래로 내리다,skirt_pull,FALSE,
태그동작2,하의,행동,치마를 아래로 당기다,skirt_tug,FALSE,
태그동작2,하의,행동,치마를 위로 올라갔다,upskirt,FALSE,
태그행동,동명사,동명사 ㄱ,무엇을 구걸하다,begging,FALSE,
태그행동,동명사,동명사 ㄱ,무엇을 끌고 가다,dragging,FALSE,
태그행동,동명사,동명사 ㄱ,무엇이 공중에 떠 있다,floating,FALSE,
태그행동,동명사,동명사 ㄱ,무엇이 공중을 날다,flying,FALSE,
태그행동,동명사,동명사 ㄱ,무엇을 개봉하다,opening,FALSE,
태그행동,동명사,동명사 ㄱ,무엇을 광택내다,polishing,FALSE,
태그행동,동명사,동명사 ㄱ,무엇을 고치다,repairing,FALSE,
태그행동,동명사,동명사 ㄱ,무엇을 굴리며 이동하다,rolling,FALSE,
태그행동,동명사,동명사 ㄱ,무엇이 가라앉다,sinking,FALSE,
태그행동,동명사,동명사 ㄱ,무엇을 그리다,sketching,FALSE,
태그행동,동명사,동명사 ㄱ,무엇을 건너뛰다,skipping,FALSE,
태그행동,동명사,동명사 ㄱ,무엇을 공부하다,studying,FALSE,
태그행동,동명사,동명사 ㄱ,무엇을 가르치다,teaching,FALSE,
태그행동,동명사,동명사 ㄴ,무엇을 눌러서 터뜨리다,crushing,FALSE,
태그행동,동명사,동명사 ㄴ,무엇을 녹이다,melting,FALSE,
태그행동,동명사,동명사 ㄷ,무엇이 떨어지는 걸 잡다,carrying,FALSE,
태그행동,동명사,동명사 ㄷ,무엇을 떨어뜨리다,dropping,FALSE,
태그행동,동명사,동명사 ㄷ,무엇을 들다,holding,FALSE,
태그행동,동명사,동명사 ㄷ,무엇을 던지다,pitching,FALSE,
태그행동,동명사,동명사 ㄷ,무엇을 당기다,pulling,FALSE,
태그행동,동명사,동명사 ㄷ,무엇을 때리다,punching,FALSE,
태그행동,동명사,동명사 ㄷ,무엇을 때리다 빠르게,rapidpunches,FALSE,
태그행동,동명사,동명사 ㄷ,무엇을 던지다,throwing,FALSE,
태그행동,동명사,동명사 ㅁ,무엇을 모아 담다,cupping,FALSE,
태그행동,동명사,동명사 ㅁ,무엇을 무기로 조준하다,pointing_weapon,FALSE,
태그행동,동명사,동명사 ㅂ,무엇이 빛난다,glowing,FALSE,
태그행동,동명사,동명사 ㅂ,무엇이 부화하다,hatching,FALSE,
태그행동,동명사,동명사 ㅂ,무엇을 보호하다,protecting,FALSE,
태그행동,동명사,동명사 ㅂ,무엇을 빨다,sucking,FALSE,
태그행동,동명사,동명사 ㅂ,무엇을 벗기다,unsheathing,FALSE,
태그행동,동명사,동명사 ㅅ,무엇을 설거지하다,dishwashing,FALSE,
태그행동,동명사,동명사 ㅅ,무엇을 선물하다,giving,FALSE,
태그행동,동명사,동명사 ㅅ,무엇을 숨기다,hiding,FALSE,
태그행동,동명사,동명사 ㅅ,무엇을 상상하다,imagining,FALSE,
태그행동,동명사,동명사 ㅅ,무엇을 쓰다듬다,patting,FALSE,
태그행동,동명사,동명사 ㅅ,무엇을 상처 입힌다,scratching,FALSE,
태그행동,동명사,동명사 ㅅ,무엇을 사다,shopping,FALSE,
태그행동,동명사,동명사 ㅅ,무엇을 소환하다,summoning,FALSE,
태그행동,동명사,동명사 ㅅ,무엇을 생각하다,thinking,FALSE,
태그행동,동명사,동명사 ㅇ,무엇이 요동친다,bouncing,FALSE,
태그행동,동명사,동명사 ㅇ,무엇이 요동친다,bouncingbreasts,FALSE,
태그행동,동명사,동명사 ㅇ,무엇이 회전하다,spinning,FALSE,
태그행동,동명사,동명사 ㅇ,무엇을 응시하다,staring,FALSE,
태그행동,동명사,동명사 ㅈ,무엇을 조준하다,aiming,FALSE,
태그행동,동명사,동명사 ㅈ,무엇을 자르다,cutting,FALSE,
태그행동,동명사,동명사 ㅈ,무엇을 저글링하다,juggling,FALSE,
태그행동,동명사,동명사 ㅈ,무엇을 찌르다,poking,FALSE,
태그행동,동명사,동명사 ㅈ,무엇을 찢다,ripping,FALSE,
태그행동,동명사,동명사 ㅈ,무엇을 제모하다,shaving,FALSE,
태그행동,동명사,동명사 ㅊ,무엇을 총구로 조준하다,at_gunpoint,FALSE,
태그행동,동명사,동명사 ㅊ,무엇을 청소하다,cleaning,FALSE,
태그행동,동명사,동명사 ㅊ,무엇을 치유하다,healing,FALSE,
태그행동,동명사,동명사 ㅌ,무엇을 타다,riding,FALSE,
태그행동,동명사,동명사 ㅌ,무엇을 테이프로 감다,tapping,FALSE,
태그행동,동명사,동명사 ㅍ,무엇을 파괴하다,breaking,FALSE,
태그행동,동명사,동명사 ㅎ,무엇을 회피하다,dodging,FALSE,
태그행동,동명사,동명사 ㅎ,무엇을 한쪽으로 밀다,pushing,FALSE,
태그행동,동명사,동명사 ㅎ,무엇을 흔들다,shaking,FALSE,
태그행동,동명사,동명사 ㅎ,무엇을 휘둘러 베다,slashing,FALSE,
태그행동,동명사,동명사 ㅎ,무엇을 흘리다,spilling,FALSE,
태그행동,동명사,동명사 ㅎ,무엇을 휘젓다,whisking,FALSE,
태그행동,동사,동사 ㄱ,누군가 균형잡다,balancing,FALSE,
태그행동,동사,동사 ㄱ,누구를 껴안다,cuddling,FALSE,
태그행동,동사,동사 ㄱ,누군가 기저귀를 갈다,diaperchanging,FALSE,
태그행동,동사,동사 ㄱ,누군가 꿈꾸다,dreaming,FALSE,
태그행동,동사,동사 ㄱ,누군가 곧 죽다,dying,FALSE,
태그행동,동사,동사 ㄱ,누구의 귀를 청소하다,earcleaning,FALSE,
태그행동,동사,동사 ㄱ,누군가 꽃에 물을 주다,gardening,FALSE,
태그행동,동사,동사 ㄱ,누군가 기도하다,praying,FALSE,
태그행동,동사,동사 ㄱ,누군가 감동하다,touching,FALSE,
태그행동,동사,동사 ㄱ,누군가 구토하다,vomiting,FALSE,
태그행동,동사,동사 ㄱ,누군가 귓가에 속삭이다,whispering,FALSE,
태그행동,동사,동사 ㄴ,누군가 눈을 깜빡이다,blinking,FALSE,
태그행동,동사,동사 ㄴ,누군가 네 발로 걷다,crawling,FALSE,
태그행동,동사,동사 ㄴ,누군가 날개를 펄럭이다,flapping,FALSE,
태그행동,동사,동사 ㄴ,누군가 노크하다,knocking,FALSE,
태그행동,동사,동사 ㄴ,누군가 내려오다,landing,FALSE,
태그행동,동사,동사 ㄴ,누군가 놀다,playing,FALSE,
태그행동,동사,동사 ㄴ,누군가 노래하다,singing,FALSE,
태그행동,동사,동사 ㄷ,누군가 등반하다,climbing,FALSE,
태그행동,동사,동사 ㄷ,누군가 땅을 파다,digging,FALSE,
태그행동,동사,동사 ㄷ,누군가 도망치다,fleeing,FALSE,
태그행동,동사,동사 ㄷ,누구를 때리다,hitting,FALSE,
태그행동,동사,동사 ㄷ,누구를 뒤에서 껴안다,hugfrombehind,FALSE,
태그행동,동사,동사 ㄷ,누구를 따라하다,imitating,FALSE,
태그행동,동사,동사 ㄷ,누군가 도주하다,running,FALSE,
태그행동,동사,동사 ㄷ,누군가 담배를 피다,smoking,FALSE,
태그행동,동사,동사 ㄷ,누구를 도발하다,trolling,FALSE,
태그행동,동사,동사 ㄷ,누군가 대기하다,waiting,FALSE,
태그행동,동사,동사 ㄹ,누군가 로프를 타고 내려온다,rappelling,FALSE,
태그행동,동사,동사 ㅁ,누군가 목욕하다,bathing,FALSE,
태그행동,동사,동사 ㅁ,누구를 말리다,blocking,FALSE,
태그행동,동사,동사 ㅁ,누군가 무릎꿇고 인사하다,bowing,FALSE,
태그행동,동사,동사 ㅁ,누군가 모유를 수유하다,breastfeeding,FALSE,
태그행동,동사,동사 ㅁ,누구를 매달다,catching,FALSE,
태그행동,동사,동사 ㅁ,누군가 옷을 입고 목욕하다,clothedbath,FALSE,
태그행동,동사,동사 ㅁ,누군가 몸을 웅크리다,cowering,FALSE,
태그행동,동사,동사 ㅁ,누군가 물을 높게 잔에 붓다,decantering,FALSE,
태그행동,동사,동사 ㅁ,누군가 물 속에 다이빙하다,diving=(differentfromdive),FALSE,
태그행동,동사,동사 ㅁ,누군가 몸을 말리다,drying,FALSE,
태그행동,동사,동사 ㅁ,누군가 무릎을 꿇다,kneeing,FALSE,
태그행동,동사,동사 ㅁ,누구의 마음을 읽다,mindreading,FALSE,
태그행동,동사,동사 ㅁ,누군가 목욕을 같이 한다,mixedbathing,FALSE,
태그행동,동사,동사 ㅁ,누군가 물을 잔에 붓다,pouring,FALSE,
태그행동,동사,동사 ㅁ,누군가 매우 저항하다,resisting,FALSE,
태그행동,동사,동사 ㅁ,누군가 매다 목도리를 매다,scarftying,FALSE,
태그행동,동사,동사 ㅁ,누군가 목욕하며 거품을 쓰다,shampoo,FALSE,
태그행동,동사,동사 ㅁ,누군가 목욕을 함께 한다,sharedbathing,FALSE,
태그행동,동사,동사 ㅁ,누구의 무릎을 껴안다,sittingonlap,FALSE,
태그행동,동사,동사 ㅁ,누군가 미끄러지다,slipping,FALSE,
태그행동,동사,동사 ㅁ,누군가 목욕하며 비누를 쓰다,soap,FALSE,
태그행동,동사,동사 ㅁ,누군가 물이 몸에 튀다,splashing,FALSE,
태그행동,동사,동사 ㅁ,누군가 물을 분출하다,squirtingliquid,FALSE,
태그행동,동사,동사 ㅁ,누군가 목을 조르다,strangling,FALSE,
태그행동,동사,동사 ㅁ,누군가 문자 메시지를 보내다,textmessaging,FALSE,
태그행동,동사,동사 ㅁ,누군가 몸을 떨다,trembling,FALSE,
태그행동,동사,동사 ㅁ,누군가 매다 장식을 매다,tying,FALSE,
태그행동,동사,동사 ㅁ,누군가 매다 끈을 풀다,untying,FALSE,
태그행동,동사,동사 ㅁ,누군가 물을 넘어가다,wading,FALSE,
태그행동,동사,동사 ㅁ,누군가 물을 뿌리다,watering,FALSE,
태그행동,동사,동사 ㅅ,누군가 사과하다,apologizing,FALSE,
태그행동,동사,동사 ㅅ,누구와 실수로 부딪힌다,bumping,FALSE,
태그행동,동사,동사 ㅅ,누군가 술을 마시다,drinking,FALSE,
태그행동,동사,동사 ㅅ,누군가 결투하다,duel,FALSE,
태그행동,동사,동사 ㅅ,누군가 소리를 엿듣다,eavesdropping,FALSE,
태그행동,동사,동사 ㅅ,누군가 싸우다,fighting,FALSE,
태그행동,동사,동사 ㅅ,누군가 숨죽여 웃다,giggling,FALSE,
태그행동,동사,동사 ㅅ,누군가 신음하다,moaning,FALSE,
태그행동,동사,동사 ㅅ,누군가 베개로 싸운다,pillow_fight,FALSE,
태그행동,동사,동사 ㅅ,누군가 소리를 크게 낸다,screaming,FALSE,
태그행동,동사,동사 ㅅ,누군가 소리를 크게 외치다,shouting,FALSE,
태그행동,동사,동사 ㅅ,누군가 슬라이딩하다,sliding,FALSE,
태그행동,동사,동사 ㅅ,누군가 눈으로 싸운다,snowball_fight,FALSE,
태그행동,동사,동사 ㅅ,누군가 사람을 쌓다,stacking,FALSE,
태그행동,동사,동사 ㅇ,누군가 안절부절하다,_fidgeting,FALSE,
태그행동,동사,동사 ㅇ,누군가 음식(빵)을 만들다,baking,FALSE,
태그행동,동사,동사 ㅇ,누구를 응원하다,cheering,FALSE,
태그행동,동사,동사 ㅇ,누군가 음식(초콜렛)을 만들다,chocolatemaking,FALSE,
태그행동,동사,동사 ㅇ,누구를 위로하다,comforting,FALSE,
태그행동,동사,동사 ㅇ,누군가 음식을 요리하다,cooking,FALSE,
태그행동,동사,동사 ㅇ,누군가 옷을 입다,dressing,FALSE,
태그행동,동사,동사 ㅇ,누군가 운전하다,driving,FALSE,
태그행동,동사,동사 ㅇ,누군가 어리광을 부리다,flailing,FALSE,
태그행동,동사,동사 ㅇ,누구를 유혹하다,flirting,FALSE,
태그행동,동사,동사 ㅇ,누군가 옷을 강제로 입히다,forceddressing,FALSE,
태그행동,동사,동사 ㅇ,누군가 웃다,laughing,FALSE,
태그행동,동사,동사 ㅇ,누구를 위협하다,roaring,FALSE,
태그행동,동사,동사 ㅇ,누군가 음식을 데우다,roasting,FALSE,
태그행동,동사,동사 ㅇ,누군가 엉덩이를 때리다,spanking,FALSE,
태그행동,동사,동사 ㅇ,누군가 음식을 휘젓다,stirring,FALSE,
태그행동,동사,동사 ㅇ,누군가 얼굴을 찡그리다,sulking,FALSE,
태그행동,동사,동사 ㅇ,누군가 일광욕하다,sunbathing,FALSE,
태그행동,동사,동사 ㅇ,누군가 옷을 벗고 있다,undressing,FALSE,
태그행동,동사,동사 ㅇ,누군가 일하고 있다,working,FALSE,
태그행동,동사,동사 ㅇ,누군가 옷을 짜내다,wringing,FALSE,
태그행동,동사,동사 ㅈ,누구를 쫓다,chasing,FALSE,
태그행동,동사,동사 ㅈ,누군가 집중하다,concentrating,FALSE,
태그행동,동사,동사 ㅈ,누군가 약하게 점프하다,hopping,FALSE,
태그행동,동사,동사 ㅈ,누군가 점프하다,jumping,FALSE,
태그행동,동사,동사 ㅈ,누군가 강하게 점프하다,pouncing,FALSE,
태그행동,동사,동사 ㅈ,누군가 주위를 둘러본다,searching,FALSE,
태그행동,동사,동사 ㅈ,누구를 조용히 시키다,shushing,FALSE,
태그행동,동사,동사 ㅈ,누군가 재채기하다,sneezing,FALSE,
태그행동,동사,동사 ㅈ,누군가 지퍼를 풀고 있다,unzipping,FALSE,
태그행동,동사,동사 ㅈ,누군가 지퍼를 위로 당기다,zipping,FALSE,
태그행동,동사,동사 ㅊ,누군가 춤추다,dancing,FALSE,
태그행동,동사,동사 ㅊ,누군가 총을 쏘다,firing,FALSE,
태그행동,동사,동사 ㅊ,누군가 착륙 준비하다,launching,FALSE,
태그행동,동사,동사 ㅊ,누군가 총을 쏘자 빛나다,muzzleflash,FALSE,
태그행동,동사,동사 ㅊ,누군가 춤추며 봉을 타다,poledancing,FALSE,
태그행동,동사,동사 ㅊ,누군가 책을 읽다,reading,FALSE,
태그행동,동사,동사 ㅊ,누군가 총을 재장전하다,reloading,FALSE,
태그행동,동사,동사 ㅊ,누군가 침을 뱉다,spitting,FALSE,
태그행동,동사,동사 ㅊ,누구를 채찍찔하다,whipping,FALSE,
태그행동,동사,동사 ㅋ,누군가 코를 파다,nosepicking,FALSE,
태그행동,동사,동사 ㅌ,누군가 턱을 쓰다듬다,strokingownchin,FALSE,
태그행동,동사,동사 ㅍ,누구를 팔꿈치로 때리다,elbowing,FALSE,
태그행동,동사,동사 ㅍ,누군가 펜을 회전하다,penspinning,FALSE,
태그행동,동사,동사 ㅍ,누군가 팔을 흔들다 인사하다,waving,FALSE,
태그행동,동사,동사 ㅎ,누군가에게 음식을 권하다,feeding,FALSE,
태그행동,동사,동사 ㅎ,누군가를 쓰다듬다,peeing,FALSE,
태그행동,동사,동사 ㅎ,누군가 하강하다,reaching,FALSE,
태그행동,동사,동사 ㅎ,누군가 휴식하다,resting,FALSE,
태그행동,동사,동사 ㅎ,누군가 흙먼지를 쓸다,sweeping,FALSE,
태그행동,동사,동사 ㅎ,누군가 휘파람을 불다,whistling,FALSE,
태그섹스,도구,개그,볼 개그,ball_gag,TRUE,
태그섹스,도구,개그,막대 개그,bit_gag,TRUE,
태그섹스,도구,개그,밧줄 개그,cleave_gag,TRUE,
태그섹스,도구,개그,딜도 개그,dildo_gag,TRUE,
태그섹스,도구,개그,개그,gag,TRUE,
태그섹스,도구,개그,팬티 개그,panty_gag,TRUE,
태그섹스,도구,개그,플러그 개그,plug_gag,TRUE,
태그섹스,도구,개그,고리형 개그,ring_gag,TRUE,
태그섹스,도구,개그,테이프 개그,tape_gag,TRUE,
태그섹스,도구,구속,눈가리개,blindfold,TRUE,
태그섹스,도구,구속,속박 복장,bondage_outfit,TRUE,
태그섹스,도구,구속,가랑이 밧줄,crotch_rope,TRUE,
태그섹스,도구,구속,수갑,cuffs,TRUE,
태그섹스,도구,구속,수갑,handcuffs,TRUE,
태그섹스,도구,구속,족쇄,shackles,TRUE,
태그섹스,도구,성기,항문 구슬,anal_beads,TRUE,
태그섹스,도구,성기,항문 꼬리,anal_tail,TRUE,
태그섹스,도구,성기,유륜 피어싱,areola_piercing,TRUE,
태그섹스,도구,성기,가슴 패드,breast_padding,TRUE,
태그섹스,도구,성기,엉덩이 플러그,butt_plug,TRUE,
태그섹스,도구,성기,엉덩이 플러그 꼬리,butt_plug_tail,TRUE,
태그섹스,도구,성기,음핵을 묶는 사슬,clitoris_chain,TRUE,
태그섹스,도구,성기,음핵을 묶는 끈,clitoris_leash,TRUE,
태그섹스,도구,성기,음핵 피어싱,clitoris_piercing,TRUE,
태그섹스,도구,성기,음핵을 묶는 리본,clitoris_ribbon,TRUE,
태그섹스,도구,성기,음핵을 묶는 고리,clitoris_ring,TRUE,
태그섹스,도구,성기,음핵을 묶는 끈,clitoris_tied,TRUE,
태그섹스,도구,성기,콘돔,condom,TRUE,
태그섹스,도구,성기,콘돔 풍선,condom_balloon,TRUE,
태그섹스,도구,성기,콘돔 벨트,condom_belt,TRUE,
태그섹스,도구,성기,콘돔 상자,condom_box,TRUE,
태그섹스,도구,성기,콘돔 묶음,condom_packet_strip,TRUE,
태그섹스,도구,성기,콘돔 포장지,condom_wrapper,TRUE,
태그섹스,도구,성기,젖꼭지 피어싱,nipple_bar,TRUE,
태그섹스,도구,성기,젖꼭지를 묶는 종,nipple_bells,TRUE,
태그섹스,도구,성기,젖꼭지를 묶는 사슬,nipple_chain,TRUE,
태그섹스,도구,성기,젖꽂기를 묶는 집게,nipple_clamps,TRUE,
태그섹스,도구,성기,젖꼭지를 묶는 끈,nipple_leash,TRUE,
태그섹스,도구,성기,젖꼭지를 묶는 자물쇠,nipple_lock,TRUE,
태그섹스,도구,성기,젖꼭지 패치,nipple_patch,TRUE,
태그섹스,도구,성기,젖꼭지 피어싱,nipple_piercing,TRUE,
태그섹스,도구,성기,젖꼭지 플러그,nipple_plug,TRUE,
태그섹스,도구,성기,젖꼭지를 묶는 리본,nipple_ribbon,TRUE,
태그섹스,도구,성기,젖꼭지를 묶는 고리,nipple_rings,TRUE,
태그섹스,도구,성기,젖꼭지를 묶는 끈,nipple_sleeves,TRUE,
태그섹스,도구,액체,최음제,aphrodisiac,TRUE,
태그섹스,도구,액체,로션,lotion,TRUE,
태그섹스,도구,액체,로션병,lotion_bottle,TRUE,
태그섹스,도구,액체,윤활유,lube,TRUE,
태그섹스,도구,자위,인공 보지,artificial_vagina,TRUE,
태그섹스,도구,자위,음핵 바이브레이터,bunny_vibrator,TRUE,
태그섹스,도구,자위,착용 바이브레이터,butterfly_vibrator,TRUE,
태그섹스,도구,자위,딜도,dildo,TRUE,
태그섹스,도구,자위,용 모양 딜도,dragon_dildo,TRUE,
태그섹스,도구,자위,구형 바이브레이터,egg_vibrator,TRUE,
태그섹스,도구,자위,전기 음핵 바이브레이터,hitachi_magic_wand,TRUE,
태그섹스,도구,자위,말 모양 딜도,horse_dildo,TRUE,
태그섹스,도구,자위,큰 딜도,huge_dildo,TRUE,
태그섹스,도구,자위,원격 제어 바이브레이터,remote_control_vibrator,TRUE,
태그섹스,도구,자위,승마 기계,riding_machine,TRUE,
태그섹스,도구,자위,섹스 기계,sex_machine,TRUE,
태그섹스,도구,자위,스파이크 딜도,spiked_dildo,TRUE,
태그섹스,도구,자위,착용하는 딜도,strap-on,TRUE,
태그섹스,도구,자위,부착하는 딜도,suction_cup_dildo,TRUE,
태그섹스,도구,자위,승차 기계,sybian,TRUE,
태그섹스,도구,자위,인공 보지,tenga,TRUE,
태그섹스,도구,자위,매우 많은 자위 도구,too_many_sex_toys,TRUE,
태그섹스,도구,자위,바이브레이터,vibrator,TRUE,
태그섹스,보지,모양,음모가 많다,excessive_pubic_hair,TRUE,
태그섹스,보지,모양,음핵이 크다,huge_clitoris,TRUE,
태그섹스,보지,모양,보지가 매우 넓다,huge_pussy,TRUE,
태그섹스,보지,모양,보지가 넓다,large_pussy,TRUE,
태그섹스,보지,모양,보지가 좁다,small_pussy,TRUE,
태그섹스,보지,모양,음모가 적다,sparse_pubic_hair,TRUE,
태그섹스,보지,모양,음핵이 작다,tiny_clitoris,TRUE,
태그섹스,보지,특징,보지의 틈이 보인다,cleft_of_venus,TRUE,
태그섹스,보지,특징,음핵이 빠져나왔다,clitoris_slip,TRUE,
태그섹스,보지,특징,음모가 착색되다,colored_pubic_hair,TRUE,
태그섹스,보지,특징,음핵이 발기했다,erect_clitoris,TRUE,
태그섹스,보지,특징,애액이 흥건하다,excessive_pussy_juice,TRUE,
태그섹스,보지,특징,보지가 통통하다,fat_mons,TRUE,
태그섹스,보지,특징,음모가 난잡하다,mismatched_pubic_hair,TRUE,
태그섹스,보지,특징,애액이 옷 위로 스며들다,pussy_juice_drip_through_clothes,TRUE,
태그섹스,보지,특징,애액이 고였다,pussy_juice_puddle,TRUE,
태그섹스,보지,특징,애액이 실처럼 늘어진다,pussy_juice_trail,TRUE,
태그섹스,섹스,고환,고환을 깨물다,biting_testicles,TRUE,
태그섹스,섹스,고환,고환이 요동친다,bouncing_testicles,TRUE,
태그섹스,섹스,고환,고환을 핥는다,licking_testicle,TRUE,
태그섹스,섹스,고환,고환을 짜내다,squeezing_testicles,TRUE,
태그섹스,섹스,고환,고환을 빨다,testicle_sucking,TRUE,
태그섹스,섹스,고환,고환을 얼굴에 올리다,testicles_on_face,TRUE,
태그섹스,섹스,고환,고환을 경련시킨다,twitching_testicles,TRUE,
태그섹스,섹스,도구,딜도를 항문 안에 넣다,dildo_in_anus,TRUE,
태그섹스,섹스,도구,딜도를 보지 안에 넣다,dildo_in_pussy,TRUE,
태그섹스,섹스,도구,딜도 위에 올라타다,dildo_riding,TRUE,
태그섹스,섹스,도구,바이브를 항문 안에 넣다,vibrator_in_anus,TRUE,
태그섹스,섹스,도구,바이브를 다리 밸트에 매달다,vibrator_in_leg_garter,TRUE,
태그섹스,섹스,도구,바이브를 보지 안에 넣다,vibrator_in_pussy,TRUE,
태그섹스,섹스,도구,바이브를 허벅지 장식에 매달다,vibrator_in_thigh_strap,TRUE,
태그섹스,섹스,도구,바이브를 허벅지에 매달다,vibrator_in_thighhighs,TRUE,
태그섹스,섹스,도구,바이브를 젖꼭지에 매달다,vibrator_on_nipple,TRUE,
태그섹스,섹스,도구,바이브를 옷 안에 매달다,vibrator_under_clothes,TRUE,
태그섹스,섹스,도구,바이브를 팬티 아래에 매달다,vibrator_under_panties,TRUE,
태그섹스,섹스,도구,바이브를 팬티 스타킹 아래에 매달다,vibrator_under_pantyhose,TRUE,
태그섹스,섹스,보지,음핵을 자극하다,clitoral_stimulation,TRUE,
태그섹스,섹스,보지,음핵을 옷 위로 자극하다,clitoral_stimulation_through_clothing,TRUE,
태그섹스,섹스,보지,음핵을 주사한다,clitoris_injection,TRUE,
태그섹스,섹스,보지,음핵을 당기다,clitoris_pull,TRUE,
태그섹스,섹스,보지,음핵을 고문하다,clitoris_torture,TRUE,
태그섹스,섹스,보지,음핵을 비틀다,clitoris_tweak,TRUE,
태그섹스,섹스,보지,음핵을 만진다,clitorises_touching,TRUE,
태그섹스,섹스,보지,보지에 자지를 2개 넣다,double_vaginal,TRUE,
태그섹스,섹스,보지,보지로 자지를 비빈다,grinding,TRUE,
태그섹스,섹스,보지,보지에 자지를 넣으려 한다,imminent_vaginal,TRUE,
태그섹스,섹스,보지,보지를 노출하다,pussy_peek,TRUE,
태그섹스,섹스,보지,보지에 자지를 3개 넣다,triple_vaginal,TRUE,
태그섹스,섹스,보지,보지를 경련시킨다,twitching_pussy,TRUE,
태그섹스,섹스,보지,보지에 물건을 삽입했다,vaginal_object_insertion,TRUE,
태그섹스,섹스,보지,음핵을 진동시킨다,vibrator_on_clitoris,TRUE,
태그섹스,섹스,사정,정액을 뿌리다,bukkake,TRUE,
태그섹스,섹스,사정,정액이 고였다,cum_bath,TRUE,
태그섹스,섹스,사정,정액을 엉덩이 안에 뿌리다,cum_in_ass,TRUE,
태그섹스,섹스,사정,정액을 옷 안에 뿌리다,cum_in_clothes,TRUE,
태그섹스,섹스,사정,정액을 큰 컵 안에 뿌리다,cum_in_container,TRUE,
태그섹스,섹스,사정,정액을 컵 안에 뿌리다,cum_in_cup,TRUE,
태그섹스,섹스,사정,정액을 눈 안에 뿌리다,cum_in_eye,TRUE,
태그섹스,섹스,사정,정액을 모자 안에 뿌리다,cum_in_headwear,TRUE,
태그섹스,섹스,사정,정액을 입 안에 뿌리다,cum_in_mouth,TRUE,
태그섹스,섹스,사정,정액을 코 안에 뿌리다,cum_in_nose,TRUE,
태그섹스,섹스,사정,정액을 보지 안에 뿌리다,cum_in_pussy,TRUE,
태그섹스,섹스,사정,정액을 신발 안에 뿌리다,cum_in_shoe,TRUE,
태그섹스,섹스,사정,정액을 목 안에 뿌리다,cum_in_throat,TRUE,
태그섹스,섹스,사정,정액을 요도 안에 뿌리다,cum_in_urethra,TRUE,
태그섹스,섹스,사정,정액이 배를 팽창시킨다,cum_inflation,TRUE,
태그섹스,섹스,사정,정액을 엉덩이 위에 뿌리다,cum_on_ass,TRUE,
태그섹스,섹스,사정,정액을 몸 위에 뿌리다,cum_on_body,TRUE,
태그섹스,섹스,사정,정액을 가슴 위에 뿌리다,cum_on_breasts,TRUE,
태그섹스,섹스,사정,정액을 옷 위에 뿌리다,cum_on_clothes,TRUE,
태그섹스,섹스,사정,정액을 얼굴 위에 뿌리다,cum_on_face,TRUE,
태그섹스,섹스,사정,정액을 손가락 위에 뿌리다,cum_on_fingers,TRUE,
태그섹스,섹스,사정,정액을 음식 위에 뿌리다,cum_on_food,TRUE,
태그섹스,섹스,사정,정액을 안경 위에 뿌리다,cum_on_glasses,TRUE,
태그섹스,섹스,사정,정액을 머리 위에 뿌리다,cum_on_hair,TRUE,
태그섹스,섹스,사정,정액을 보지 위에 뿌리다,cum_on_pussy,TRUE,
태그섹스,섹스,사정,정액을 혀 안에 뿌리다,cum_on_tongue,TRUE,
태그섹스,섹스,사정,정액이 고인다,cum_pool,TRUE,
태그섹스,섹스,사정,정액이 실처럼 늘어지다,cum_string,TRUE,
태그섹스,섹스,사정,정액이 떨어진다,cumdrip,TRUE,
태그섹스,섹스,사정,정액을 사정한다,ejaculation,TRUE,
태그섹스,섹스,사정,정액을 얼굴에 뿌리다,facial,TRUE,
태그섹스,섹스,사정,정액을 핡아먹다,felching,TRUE,
태그섹스,섹스,사정,정액을 먹다,gokkun,TRUE,
태그섹스,섹스,사정,정액을 뿌리려 한다,imminent_bukkake,TRUE,
태그섹스,섹스,사정,정액을 자궁에 사정한다,internal_cumshot,TRUE,
태그섹스,섹스,사정,정액을 보지 안에 사정한다,nakadashi,TRUE,
태그섹스,섹스,사정,정액을 뿌리듯이 사정한다,projectile_cum,TRUE,
태그섹스,섹스,사정,정액을 보지 밖에 사정한다,pull_out,TRUE,
태그섹스,섹스,사정,정액을 나눠먹다,snowballing,TRUE,
태그섹스,섹스,사정,정액이 콘돔에 들어 있다,too_many_used_condom,TRUE,
태그섹스,섹스,사정,정액을 토하다,vomiting_cum,TRUE,
태그섹스,섹스,상황,여자가 항문으로 섹스했다,after_anal,TRUE,
태그섹스,섹스,상황,여자가 강간을 당했다,after_rape,TRUE,
태그섹스,섹스,상황,여자가 섹스를 했다,after_sex,TRUE,
태그섹스,섹스,상황,여자가 섹스한 뒤 보지를 보여준다,after_vaginal,TRUE,
태그섹스,섹스,상황,여자가 섹스한 뒤 기뻐하다,afterglow,TRUE,
태그섹스,섹스,상황,여자가 아헤가오를 한다,ahegao,TRUE,
태그섹스,섹스,상황,여자가 섹스하고 급하게 옷을 입다,although_she_hurriedly_put_on_clothes_(meme),TRUE,
태그섹스,섹스,상황,여자가 섹스를 보다,caught,TRUE,
태그섹스,섹스,상황,여자가 섹스한 뒤 옷을 입다,clothed_after_sex,TRUE,
태그섹스,섹스,상황,여자만 옷을 입고 남자는 옷을 벗다,clothed_female_nude_male,TRUE,
태그섹스,섹스,상황,남자는 옷을 입고 여자는 옷을 벗다,clothed_male_nude_female,TRUE,
태그섹스,섹스,상황,남자와 여자가 옷을 입고 섹스하다,clothed_sex,TRUE,
태그섹스,섹스,상황,여자만 나온다,females_only,TRUE,
태그섹스,섹스,상황,여자 2명과 남자 1명,ffm_threesome,TRUE,
태그섹스,섹스,상황,여자가 멍청한 얼굴을 한다,fucked_silly,TRUE,
태그섹스,섹스,상황,여러 명이 섹스한다,group_sex,TRUE,
태그섹스,섹스,상황,여자가 삽입을 안내하다,guided_penetration,TRUE,
태그섹스,섹스,상황,여자가 섹스를 한 것 같다,implied_after_sex,TRUE,
태그섹스,섹스,상황,남자만 나온다,males_only,TRUE,
태그섹스,섹스,상황,남자 2명과 여자 1명,mmf_threesome,TRUE,
태그섹스,섹스,상황,여자가 비웃는 얼굴을 한다,naughty_face,TRUE,
태그섹스,섹스,상황,여자가 오르가즘을 느낀다,orgasm,TRUE,
태그섹스,섹스,상황,여자가 섹스를 엿보다,peeping,TRUE,
태그섹스,섹스,상황,여자가 몸으로 유혹하다,presenting,TRUE,
태그섹스,섹스,상황,공공장소에서 외설행위를 한다,public_indecency,TRUE,
태그섹스,섹스,상황,공공장소에서 자위한다,public_masturbation,TRUE,
태그섹스,섹스,상황,공공장소에서 알몸을 노출하다,public_nudity,TRUE,
태그섹스,섹스,상황,공공장소에서 몸을 굴리다,public_use,TRUE,
태그섹스,섹스,상황,공공장소에서 바이브를 사용하다,public_vibrator,TRUE,
태그섹스,섹스,상황,여자가 남자 주위로 모였다,reverse_spitroast,TRUE,
태그섹스,섹스,상황,여자가 몸으로 마찰하다,rubbing,TRUE,
태그섹스,섹스,상황,여자 1명만 나온다,solo_female,TRUE,
태그섹스,섹스,상황,남자 1명만 나온다,solo_male,TRUE,
태그섹스,섹스,상황,남자가 여자 주위로 모였다,spitroast,TRUE,
태그섹스,섹스,상황,숨어서 섹스한다,stealth_sex,TRUE,
태그섹스,섹스,상황,여자가 황홀한 얼굴을 한다,torogao,TRUE,
태그섹스,섹스,상황,물에서 섹스한다,underwater_sex,TRUE,
태그섹스,섹스,설정,괴롭히다,Ryona,TRUE,
태그섹스,섹스,설정,수간하다,bestiality,TRUE,
태그섹스,섹스,설정,협박하다,blackmail,TRUE,
태그섹스,섹스,설정,속박하다,bondage,TRUE,
태그섹스,섹스,설정,질식하다,breath_control,TRUE,
태그섹스,섹스,설정,캣파이트,catfight,TRUE,
태그섹스,섹스,설정,불륜하다,cheating,TRUE,
태그섹스,섹스,설정,치한을 당하다,chikan,TRUE,
태그섹스,섹스,설정,성추행을 요구하다,compensated_molestation,TRUE,
태그섹스,섹스,설정,촬영하다,filming,TRUE,
태그섹스,섹스,설정,검열하다,full_censorship,TRUE,
태그섹스,섹스,설정,윤간하다,gangbang,TRUE,
태그섹스,섹스,설정,화간하다,happy_sex,TRUE,
태그섹스,섹스,설정,굴욕을 당하다,humiliation,TRUE,
태그섹스,섹스,설정,협박하다,intimidation,TRUE,
태그섹스,섹스,설정,학대받다,masochism,TRUE,
태그섹스,섹스,설정,정신을 붕괴하다,mind_break,TRUE,
태그섹스,섹스,설정,정신을 지배하다,mind_control,TRUE,
태그섹스,섹스,설정,정신을 강간하다,mind_rape,TRUE,
태그섹스,섹스,설정,성추행을 당하다,molestation,TRUE,
태그섹스,섹스,설정,검열을 모자이크로 했다,mosaic_censorship,TRUE,
태그섹스,섹스,설정,네토라레,netorare,TRUE,
태그섹스,섹스,설정,네토라세,netorase,TRUE,
태그섹스,섹스,설정,임신하다,pregnant,TRUE,
태그섹스,섹스,설정,매춘하다,prostitution,TRUE,
태그섹스,섹스,설정,강간하다,rape,TRUE,
태그섹스,섹스,설정,역강간하다,reverse_rape,TRUE,
태그섹스,섹스,설정,학대받다,sadism,TRUE,
태그섹스,섹스,설정,자고 있다,sleeping,TRUE,
태그섹스,섹스,설정,검열하지 않다,uncensored,TRUE,
태그섹스,섹스,설정,구토하다,vomit,TRUE,
태그섹스,섹스,설정,관음한다,voyeurism,TRUE,
태그섹스,섹스,성향,가족끼리 섹스하다,incest,TRUE,
태그섹스,섹스,성향,자매끼리 섹스하다,twincest,TRUE,
태그섹스,섹스,애무,주먹을 항문에 넣다,anal_fisting,TRUE,
태그섹스,섹스,애무,손으로 엉덩이를 잡는다,ass_grab,TRUE,
태그섹스,섹스,애무,손으로 가슴을 잡는다,breast_grab,TRUE,
태그섹스,섹스,애무,손가락을 보지에 넣다,fingering,TRUE,
태그섹스,섹스,애무,손가락을 뒤에서 보지를 넣다,fingering_from_behind,TRUE,
태그섹스,섹스,애무,손가락을 옷 위로 보지에 넣다,fingering_through_clothes,TRUE,
태그섹스,섹스,애무,손가락을 팬티 위로 보지에 넣다,fingering_through_panties,TRUE,
태그섹스,섹스,애무,주먹을 보지에 넣다,fisting,TRUE,
태그섹스,섹스,애무,손으로 가슴을 잡았다,grabbing_own_breast,TRUE,
태그섹스,섹스,애무,손으로 더듬다,groping,TRUE,
태그섹스,섹스,애무,손으로 가슴을 잡게 한다,guided_breast_grab,TRUE,
태그섹스,섹스,애무,손가락을 숨겨서 보지에 넣다,implied_fingering,TRUE,
태그섹스,섹스,애무,손으로 젖꼭지를 잡는다,nipple_tweak,TRUE,
태그섹스,섹스,애무,손으로 뒤에서 잡는다,reach-around,TRUE,
태그섹스,섹스,애무,주먹을 스스로 항문에 넣다,self_anal_fisting,TRUE,
태그섹스,섹스,애무,주먹을 스스로 보지에 넣다,self_fisting,TRUE,
태그섹스,섹스,애무,손으로 몸을 잡았다,torso_grab,TRUE,
태그섹스,섹스,오랄,입으로 자지를 빨았다,after_oral,TRUE,
태그섹스,섹스,오랄,입으로 항문을 빨다,anilingus,TRUE,
태그섹스,섹스,오랄,입으로 보지를 빨다,cunnilingus,TRUE,
태그섹스,섹스,오랄,입으로 보지를 빠는 흉내를 낸다,cunnilingus_gesture,TRUE,
태그섹스,섹스,오랄,입으로 몰래 보지를 빨다,implied_cunnilingus,TRUE,
태그섹스,섹스,오랄,입으로 보지를 빠는 것 같다,implied_cunnilingus,TRUE,
태그섹스,섹스,오랄,입으로 자지를 빨다,oral,TRUE,
태그섹스,섹스,오랄,입으로 자지를 빠는 흉내를 낸다,oral_invitation,TRUE,
태그섹스,섹스,오랄,입으로 항문을 빨며 자지를 흔들다,trombone_(sex_act),TRUE,
태그섹스,섹스,자위,자위를 했다,after_masturbation,TRUE,
태그섹스,섹스,자위,자위할 때 옷을 입는다,clothed_masturbation,TRUE,
태그섹스,섹스,자위,자위할 때 가랑이를 잡는다,crotch_grab,TRUE,
태그섹스,섹스,자위,자위할 때 가랑이를 잡게 한다,guided_crotch_grab,TRUE,
태그섹스,섹스,자위,자위를 끝낸 것 같다,implied_after_masturbation,TRUE,
태그섹스,섹스,자위,자위를 하는 것 같다,implied_masturbation,TRUE,
태그섹스,섹스,자위,자위한다,masturbation,TRUE,
태그섹스,섹스,자위,자위할 때 돕는다,mutual_masturbation,TRUE,
태그섹스,섹스,자위,자위할 때 베개를 쓴다,pillow_sex,TRUE,
태그섹스,섹스,자위,자위할 때 숨는다,stealth_masturbation,TRUE,
태그섹스,섹스,자위,자위할 때 테이블을 쓴다,table_sex,TRUE,
태그섹스,섹스,자위,자위할 때 꼬리를 쓴다,tail_masturbation,TRUE,
태그섹스,섹스,자위,자위할 때 곰인형을 쓴다,teddy_bear_sex,TRUE,
태그섹스,섹스,자지,자지를 겨드랑이에 비빈다,armpit_sex,TRUE,
태그섹스,섹스,자지,자지를 옷의 균열에 비비다,bulge_press,TRUE,
태그섹스,섹스,자지,자지를 엉덩이에 비빈다,buttjob,TRUE,
태그섹스,섹스,자지,자지를 자궁에 삽입하다,cervical_penetration,TRUE,
태그섹스,섹스,자지,자지를 2명이 비빈다,double_grinding,TRUE,
태그섹스,섹스,자지,자지를 비빈다,frottage,TRUE,
태그섹스,섹스,자지,자지를 옷을 입고 비비다,humping,TRUE,
태그섹스,섹스,자지,자지를 항문에 삽입하려 한다,imminent_anal,TRUE,
태그섹스,섹스,자지,자지를 삽입하려 한다,imminent_penetration,TRUE,
태그섹스,섹스,자지,자지로 삽입해 강간하려 한다,imminent_rape,TRUE,
태그섹스,섹스,자지,자지를 보지에 삽입하려 한다,imminent_vaginal,TRUE,
태그섹스,섹스,자지,자지를 키스한다,kissing_penis,TRUE,
태그섹스,섹스,자지,자지를 무릎에 비빈다,kneepit_sex,TRUE,
태그섹스,섹스,자지,자지를 삽입해 배가 부풀다,large_insertion,TRUE,
태그섹스,섹스,자지,자지를 젖꼭지에 삽입하다,nipple_penetration,TRUE,
태그섹스,섹스,자지,자지를 입에 삽입하다,oral_penetration,TRUE,
태그섹스,섹스,자지,자지를 팬티로 감싸다,panties_on_penis,TRUE,
태그섹스,섹스,자지,자지를 경외한다,penis_awe,TRUE,
태그섹스,섹스,자지,자지를 잡다,penis_grab,TRUE,
태그섹스,섹스,자지,자지를 엉덩이 안에 넣다,penis_in_ass,TRUE,
태그섹스,섹스,자지,자지를 비키니 안에 넣다,penis_in_bikini,TRUE,
태그섹스,섹스,자지,자지를 팬티에 걸다,penis_in_panties,TRUE,
태그섹스,섹스,자지,자지를 팬티 안에 넣다,penis_in_panties,TRUE,
태그섹스,섹스,자지,자지를 팬티 스타킹 안에 넣다,penis_in_pantyhose,TRUE,
태그섹스,섹스,자지,자지를 보지 안에 넣다,penis_in_pussy,TRUE,
태그섹스,섹스,자지,자지를 수영복 안에 넣다,penis_in_swimsuit,TRUE,
태그섹스,섹스,자지,자지를 허벅지 안에 넣다,penis_in_thighhigh,TRUE,
태그섹스,섹스,자지,자지를 측정하다,penis_measuring,TRUE,
태그섹스,섹스,자지,자지를 착정하다,penis_milking,TRUE,
태그섹스,섹스,자지,자지를 엉덩이 위에 올리다,penis_on_ass,TRUE,
태그섹스,섹스,자지,자지를 얼굴 위에 올리다,penis_on_face,TRUE,
태그섹스,섹스,자지,자지를 머리 위에 올리다,penis_on_head,TRUE,
태그섹스,섹스,자지,자지를 보지 위에 올리다,penis_on_pussy,TRUE,
태그섹스,섹스,자지,자지를 어깨 위에 올리다,penis_on_shoulder,TRUE,
태그섹스,섹스,자지,자지를 배 위에 올리다,penis_on_stomach,TRUE,
태그섹스,섹스,자지,자지를 눈 양쪽 위에 올리다,penis_over_eyes,TRUE,
태그섹스,섹스,자지,자지를 눈 한쪽 위에 올리다,penis_over_one_eye,TRUE,
태그섹스,섹스,자지,자지를 삽입하다,penis_penetration,TRUE,
태그섹스,섹스,자지,자지의 그림자가 생긴다,penis_shadow,TRUE,
태그섹스,섹스,자지,자지의 크기가 차이난다,penis_size_difference,TRUE,
태그섹스,섹스,자지,자지를 가슴 위에 올리다,penis_to_breast,TRUE,
태그섹스,섹스,자지,자지를 배꼽 위에 올리다,penis_to_navel,TRUE,
태그섹스,섹스,자지,자지로 찌르다,poking_with_penis,TRUE,
태그섹스,섹스,자지,자지로 찌른다,poking_with_penis,TRUE,
태그섹스,섹스,자지,자지로 때린다,slapping_with_penis,TRUE,
태그섹스,섹스,자지,자지의 크기를 비웃는다,small_penis_humiliation,TRUE,
태그섹스,섹스,자지,자지를 삽입해 배가 팽창하다,stomach_bulge,TRUE,
태그섹스,섹스,자지,자지를 허벅지에 비빈다,thigh_sex,TRUE,
태그섹스,섹스,자지,자지를 경련한다,twitching_penis,TRUE,
태그섹스,섹스,자지,자지를 요도에 삽입하다,urethral_insertion,TRUE,
태그섹스,섹스,자지,자지를 흔들다,waving_penis,TRUE,
태그섹스,섹스,체위,신장위,Closed_Missionary_position,TRUE,
태그섹스,섹스,체위,기승위(남자의 다리를 벌려 착정한다),amazon_position,TRUE,
태그섹스,섹스,체위,굴곡위,anvil_position,TRUE,
태그섹스,섹스,체위,후배위(엉덩이를 들다),bent_over,TRUE,
태그섹스,섹스,체위,밀착 기승위,collapsed_cowgirl_position,TRUE,
태그섹스,섹스,체위,기승위,cowgirl_position,TRUE,
태그섹스,섹스,체위,후배위,doggy_style_position,TRUE,
태그섹스,섹스,체위,입위(여자를 들어 매단다),full_nelson,TRUE,
태그섹스,섹스,체위,정상위(다이슈키 홀드),leg_lock,TRUE,
태그섹스,섹스,체위,정상위(교배 프레스),mating_press,TRUE,
태그섹스,섹스,체위,정상위,missionary_position,TRUE,
태그섹스,섹스,체위,정상위(파일 드라이버),piledriver,TRUE,
태그섹스,섹스,체위,후배위(바닥에 엎드렸다),prone_bone,TRUE,
태그섹스,섹스,체위,역 기승위,reverse_cowgirl_position,TRUE,
태그섹스,섹스,체위,역 후배위,reverse_doggy_sex_position,TRUE,
태그섹스,섹스,체위,역 정상위,reverse_missionary,TRUE,
태그섹스,섹스,체위,역 입위,reverse_standing_position,TRUE,
태그섹스,섹스,체위,입위(여자의 들어 매단다),reverse_suspended_congress,TRUE,
태그섹스,섹스,체위,역 좌위,reverse_upright_straddle',TRUE,
태그섹스,섹스,체위,교차 기승위,scissored_cowgirl_position,TRUE,
태그섹스,섹스,체위,기승위(다리를 쪼그리다),squatting_cowgirl_position,TRUE,
태그섹스,섹스,체위,역 기승위(다리를 쪼그리다),squatting_rodeo_sex_position,TRUE,
태그섹스,섹스,체위,입위,standing_position,TRUE,
태그섹스,섹스,체위,입위(여자를 들어 올리다),suspended_congress,TRUE,
태그섹스,섹스,체위,후배위(엎드린 채로 엉덩이를 들다),top-down_bottom-up,TRUE,
태그섹스,섹스,체위,좌위,upright_straddle,TRUE,
태그섹스,섹스,촉수,촉수를 원하다,consensual_tentacles,TRUE,
태그섹스,섹스,촉수,촉수로 재갈을 물리다,tentacle_gagged,TRUE,
태그섹스,섹스,촉수,촉수로 애무하다,tentaclejob,TRUE,
태그섹스,섹스,촉수,촉수를 꺼내다,tentacles,TRUE,
태그섹스,섹스,촉수,촉수를 허벅지 안에 넣다,tentacles_in_thighhighs,TRUE,
태그섹스,섹스,촉수,촉수를 옷 안에 넣다,tentacles_under_clothes,TRUE,
태그섹스,섹스,촉수,촉수를 매우 많이 꺼내다,too_many_tentacles,TRUE,
태그섹스,섹스,콘돔,콘돔을 찢다,broken_condom,TRUE,
태그섹스,섹스,콘돔,콘돔을 산다,buying_condoms,TRUE,
태그섹스,섹스,콘돔,콘돔을 귀에 매달다,condom_earrings,TRUE,
태그섹스,섹스,콘돔,콘돔을 옷에 매달다,condom_in_clothes,TRUE,
태그섹스,섹스,콘돔,콘돔을 입에 물리다,condom_in_mouth,TRUE,
태그섹스,섹스,콘돔,콘돔이 보지 안에 남다,condom_left_inside,TRUE,
태그섹스,섹스,콘돔,콘돔을 머리에 올리다,condom_on_head,TRUE,
태그섹스,섹스,콘돔,콘돔을 젖꼭지에 매달다,condom_on_nipples,TRUE,
태그섹스,섹스,콘돔,콘돔을 물건에 올리다,condom_on_object,TRUE,
태그섹스,섹스,콘돔,콘돔을 자지 위에 올리다,condom_on_penis,TRUE,
태그섹스,섹스,콘돔,콘돔을 들다,holding_condom,TRUE,
태그섹스,섹스,콘돔,콘돔을 젖꽂지에 매달다,lactation_into_condom,TRUE,
태그섹스,섹스,콘돔,콘돔이 쓸모없다,pointless_condom,TRUE,
태그섹스,섹스,콘돔,콘돔을 끼다,putting_on_condom,TRUE,
태그섹스,섹스,콘돔,콘돔이 찢었다,sabotaged_condom,TRUE,
태그섹스,섹스,콘돔,콘돔을 사용했다,used_condom,TRUE,
태그섹스,섹스,콘돔,콘돔을 자지에 끼우다,used_condom_on_penis,TRUE,
태그섹스,섹스,파이즈리,파이즈리를 했다,after_paizuri,TRUE,
태그섹스,섹스,파이즈리,협력해서 파이즈리한다,cooperative_paizuri,TRUE,
태그섹스,섹스,파이즈리,파이즈리를 실패한다,naizuri,TRUE,
태그섹스,섹스,파이즈리,파이즈리한다,paizuri_(tittyfuck),TRUE,
태그섹스,섹스,파이즈리,무릎 꿇고 파이즈리한다,paizuri_on_lap,TRUE,
태그섹스,섹스,파이즈리,옷 위로 파이즈리한다,paizuri_over_clothes,TRUE,
태그섹스,섹스,파이즈리,옷 속으로 파이즈리한다,paizuri_under_clothes,TRUE,
태그섹스,섹스,펠라치오,펠라치오를 흉내낸다,Fellatio_gesture,TRUE,
태그섹스,섹스,펠라치오,펠라치오를 했다,after_fellatio,TRUE,
태그섹스,섹스,펠라치오,펠라치오하며 얼굴을 늘린다,blowjob_face,TRUE,
태그섹스,섹스,펠라치오,협력해서 펠라치오한다,cooperative_fellatio,TRUE,
태그섹스,섹스,펠라치오,딥쓰로트한다,deepthroat,TRUE,
태그섹스,섹스,펠라치오,구강 성교한다,face_fuck,TRUE,
태그섹스,섹스,펠라치오,펠라치오한다,fellatio,TRUE,
태그섹스,섹스,펠라치오,마스크 아래로 펠라치오한다,fellatio_under_mask,TRUE,
태그섹스,섹스,펠라치오,펠라치오를 끝낸 것 같다,implied_after_fellatio,TRUE,
태그섹스,섹스,펠라치오,펠라치오를 하는 것 같다,implied_fellatio,TRUE,
태그섹스,섹스,펠라치오,몰래 펠라치오한다,implied_fellatio,TRUE,
태그섹스,섹스,펠라치오,이라마치오한다,irrumatio,TRUE,
태그섹스,섹스,펠라치오,여러 자지를 펠라치오한다,multiple_penis_fellatio,TRUE,
태그섹스,섹스,풋잡,발로 협력해서 자지를 훑는다,cooperative_footjob,TRUE,
태그섹스,섹스,풋잡,발로 동시에 자지를 훑는다,double_footjob,TRUE,
태그섹스,섹스,풋잡,발로 자지를 훑는다,footjob,TRUE,
태그섹스,섹스,풋잡,발로 몰래 자지를 훑는다,implied_footjob,TRUE,
태그섹스,섹스,풋잡,신발을 신고 자지를 훑는다,shoejob,TRUE,
태그섹스,섹스,항문,항문에 물건을 삽입했다,anal_object_insertion,TRUE,
태그섹스,섹스,항문,항문에 자지를 2개 넣다,double_anal,TRUE,
태그섹스,섹스,항문,항문에 자지를 3개 넣다,triple_anal,TRUE,
태그섹스,섹스,핸드잡,손으로 자지를 흔드는 흉내를 낸다,Handjob_gesture,TRUE,
태그섹스,섹스,핸드잡,손으로 자지를 동시에 흔들다,cooperative_handjob,TRUE,
태그섹스,섹스,핸드잡,손으로 자지 2개를 흔들다,double_handjob,TRUE,
태그섹스,섹스,핸드잡,손으로 자지를 흔들다,handjob,TRUE,
태그섹스,섹스,핸드잡,손으로 자지를 간호하며 흔들다,nursing_handjob,TRUE,
태그섹스,섹스,핸드잡,손으로 삽입을 흉내낸다,penetration_gesture,TRUE,
태그섹스,섹스,핸드잡,손으로 자지를 양손으로 흔들다,two-handed_handjob,TRUE,
태그섹스,엉덩이,동작,항문을 만지다,anal_fingering,TRUE,
태그섹스,엉덩이,동작,항문을 덮다,covering_anus,TRUE,
태그섹스,엉덩이,동작,항문을 펼치다,spread_anus,TRUE,
태그섹스,자지,모양,자지가 엄청 크다,gigantic_penis,TRUE,
태그섹스,자지,모양,고환이 엄청 크다,gigantic_testicles,TRUE,
태그섹스,자지,모양,자지가 매우 크다,huge_penis,TRUE,
태그섹스,자지,모양,고환이 매우 크다,huge_testicles,TRUE,
태그섹스,자지,모양,자지가 크다,large_penis,TRUE,
태그섹스,자지,모양,고환이 크다,large_testicles,TRUE,
태그섹스,자지,모양,자지가 작다,small_penis,TRUE,
태그섹스,자지,모양,고환이 작다,small_testicles,TRUE,
태그섹스,자지,특징,자기가 어둡다,dark_penis,TRUE,
태그섹스,자지,특징,자지가 따로 있다,disembodied_penis,TRUE,
태그섹스,자지,특징,자지가 개 모양이다,dog_penis,TRUE,
태그섹스,자지,특징,자지를 발기했다,erection,TRUE,
태그섹스,자지,특징,자지가 늘어졌다,flaccid,TRUE,
태그섹스,자지,특징,자지가 빛난다,glowing_penis,TRUE,
태그섹스,자지,특징,자지가 말 모양이다,horse_penis,TRUE,
태그섹스,자지,특징,자지가 투명하다,invisible_penis,TRUE,
태그섹스,자지,특징,자지가 돼지 모양이다,pig_penis,TRUE,
태그섹스,자지,특징,고환이 늘어졌다,sagging_testicles,TRUE,
태그섹스,자지,특징,자기가 울퉁불퉁하다,spiked_penis,TRUE,
태그섹스,자지,특징,자기가 혈관이 솟았다,veiny_penis,TRUE,
태그섹스,자지,특징,고환이 힘줄이 솟았다,veiny_testicles,TRUE,
태그작품,작품,목록,아카메가 벤다,Akame_ga_Kill!,FALSE,
태그작품,작품,목록,암살교실,Ansatsu_Kyoushitsu,FALSE,
태그작품,작품,목록,청의 엑소시스트,Ao_no_Exorcist,FALSE,
태그작품,작품,목록,바케모노가타리,Bakemonogatari,FALSE,
태그작품,작품,목록,벨제부브,Beelzebub,FALSE,
태그작품,작품,목록,블랙 불릿,Black_Bullet,FALSE,
태그작품,작품,목록,블랙 클로버,Black_Clover,FALSE,
태그작품,작품,목록,블랙 라군,Black_Lagoon,FALSE,
태그작품,작품,목록,블리치,Bleach,FALSE,
태그작품,작품,목록,블루 아카이브,Blue_archive,FALSE,
태그작품,작품,목록,나는 친구가 적다,Boku_wa_tomodachi_ga_sukunai,FALSE,
태그작품,작품,목록,코드 기어스,Code_Geass,FALSE,
태그작품,작품,목록,DC 코믹스,DC_Comics,FALSE,
태그작품,작품,목록,단간론파,Danganronpa,FALSE,
태그작품,작품,목록,달링 인 더 프랑키스,Darling_in_the_FranXX,FALSE,
태그작품,작품,목록,드래곤볼,Dragon_Boll,FALSE,
태그작품,작품,목록,던전에서 만남을 추구하면 안 되는 걸까?,DunMachi,FALSE,
태그작품,작품,목록,듀라라라!,Durarara!!,FALSE,
태그작품,작품,목록,에반게리온,Evangelion,FALSE,
태그작품,작품,목록,페어리테일,Fairy_Tail,FALSE,
태그작품,작품,목록,Fate/Extrafate extra,Fate_Extrafate_extra,FALSE,
태그작품,작품,목록,Fate/Stay Night,Fate_Stay_Night,FALSE,
태그작품,작품,목록,Fate/Grand order,Fate_grand_order,FALSE,
태그작품,작품,목록,Fate/Kaleid liner prisma illya,Fate_kaleid_liner_prisma_illya,FALSE,
태그작품,작품,목록,강철의 연금술사,Fullmetal_Alchemist,FALSE,
태그작품,작품,목록,공각기동대,GHOST_IN_THE_SHELL,FALSE,
태그작품,작품,목록,학전도시 아스터리스크,Gakusen_Toshi_Asterisk,FALSE,
태그작품,작품,목록,은혼,Gintama,FALSE,
태그작품,작품,목록,고블린 슬레이어,Goblin_Slayer,FALSE,
태그작품,작품,목록,헬싱,Hellsing,FALSE,
태그작품,작품,목록,하이스쿨 오브 더 데드,Highschool_of_the_Dead,FALSE,
태그작품,작품,목록,헌터x헌터,Hunter_x_Hunter,FALSE,
태그작품,작품,목록,인피니트 스트라토스,IS:_Infinite_Stratos,FALSE,
태그작품,작품,목록,이누야샤,InuYasha,FALSE,
태그작품,작품,목록,죠죠의 기묘한 모험,JoJo_no_Kimyou_na_Bouken,FALSE,
태그작품,작품,목록,킬 라 킬,Kill_la_Kill,FALSE,
태그작품,작품,목록,귀멸의 칼날,Kimetsu_no_yaiba,FALSE,
태그작품,작품,목록,코바야시네 메이드래곤,Kobayashi-san_Chi_no_Maid_Dragon,FALSE,
태그작품,작품,목록,로그 호라이즌,Log_Horizon,FALSE,
태그작품,작품,목록,마기,Magi:The_Kingdom_of_Magic,FALSE,
태그작품,작품,목록,마블 코믹스,Marvel_Comics,FALSE,
태그작품,작품,목록,미래일기,Mirai_Nikki,FALSE,
태그작품,작품,목록,나의 히어로 아카데미아,My_Hero_Academia,FALSE,
태그작품,작품,목록,일곱 개의 대죄,Nanatsu_no_taizai,FALSE,
태그작품,작품,목록,나루토,Naruto,FALSE,
태그작품,작품,목록,원피스,One_Piece,FALSE,
태그작품,작품,목록,원펀맨,One_Punch_Man,FALSE,
태그작품,작품,목록,오버로드,Overlord,FALSE,
태그작품,작품,목록,포켓몬 시리즈,Pokemon,FALSE,
태그작품,작품,목록,낙제기사의 영웅담,Rakudai_Kishi_no_Cavalry,FALSE,
태그작품,작품,목록,진격의 거인,Shingeki_no_Kyojin,FALSE,
태그작품,작품,목록,새여동생 마왕의 계약자,Shinmai_Maou_no_Testament,FALSE,
태그작품,작품,목록,식극의 소마,Shokugeki_no_Soma,FALSE,
태그작품,작품,목록,소울 이터,Soul_Eater,FALSE,
태그작품,작품,목록,스파이 패밀리,Spy_x_Family,FALSE,
태그작품,작품,목록,스트라이크 더 블러드,Strike_the_blood,FALSE,
태그작품,작품,목록,소드 아트 온라인,Sword_Art_Online,FALSE,
태그작품,작품,목록,방패용사 성공담,Tate_no_Yuusha_no_Nariagari,FALSE,
태그작품,작품,목록,천원돌파 그렌라간,Tengen_toppa_gurren_lagann,FALSE,
태그작품,작품,목록,전생했더니 슬라임이었던 건에 대하여,Tensei_shitara_Slime_Datta_Ken,FALSE,
태그작품,작품,목록,어떤 마술(과학)의 시리즈,Toaru_Project,FALSE,
태그작품,작품,목록,도쿄 구울,Tokyo_Ghoul,FALSE,
태그작품,작품,목록,트리니티 세븐,Trinity_Seven,FALSE,
태그작품,작품,목록,유녀전기,Youjo_Senki,FALSE,
태그작품,작품,목록,유희왕 시리즈,Yu_Gi_Oh,FALSE,
태그작품,작품,목록,제로의 사역마,Zero_no_Tsukaima,FALSE,
태그작품,작품,목록,하이스쿨,dxd_Highschool_dxd,FALSE,
태그작품,작품,목록,코바야시네 메이드래곤,fine_art_parody={Kobayashi-san_Chi_no_Maid_Dragon},FALSE,
태그작품,작품,목록,마법소녀 리리컬 나노하,mahou_shoujo_lyrical_nanoha,FALSE,
태그작품,작품,목록,팬티&스타킹,with_가터벨트_Panty_&_Stocking_with_Garterbelt,FALSE,
태그작품,작품,스타일,아카메가 벤다,fine_art_parody={Akame_ga_Kill!},FALSE,
태그작품,작품,스타일,암살교실,fine_art_parody={Ansatsu_Kyoushitsu},FALSE,
태그작품,작품,스타일,청의 엑소시스트,fine_art_parody={Ao_no_Exorcist},FALSE,
태그작품,작품,스타일,바케모노가타리,fine_art_parody={Bakemonogatari},FALSE,
태그작품,작품,스타일,벨제부브,fine_art_parody={Beelzebub},FALSE,
태그작품,작품,스타일,블랙 불릿,fine_art_parody={Black_Bullet},FALSE,
태그작품,작품,스타일,블랙 클로버,fine_art_parody={Black_Clover},FALSE,
태그작품,작품,스타일,블랙 라군,fine_art_parody={Black_Lagoon},FALSE,
태그작품,작품,스타일,블리치,fine_art_parody={Bleach},FALSE,
태그작품,작품,스타일,블루 아카이브,fine_art_parody={Blue_archive},FALSE,
태그작품,작품,스타일,나는 친구가 적다,fine_art_parody={Boku_wa_tomodachi_ga_sukunai},FALSE,
태그작품,작품,스타일,코드 기어스,fine_art_parody={Code_Geass},FALSE,
태그작품,작품,스타일,DC 코믹스,fine_art_parody={DC_Comics},FALSE,
태그작품,작품,스타일,단간론파,fine_art_parody={Danganronpa},FALSE,
태그작품,작품,스타일,달링 인 더 프랑키스,fine_art_parody={Darling_in_the_FranXX},FALSE,
태그작품,작품,스타일,드래곤볼,fine_art_parody={Dragon_Boll},FALSE,
태그작품,작품,스타일,던전에서 만남을 추구하면 안 되는 걸까?,fine_art_parody={DunMachi},FALSE,
태그작품,작품,스타일,듀라라라!,fine_art_parody={Durarara!!},FALSE,
태그작품,작품,스타일,에반게리온,fine_art_parody={Evangelion},FALSE,
태그작품,작품,스타일,페어리테일,fine_art_parody={Fairy_Tail},FALSE,
태그작품,작품,스타일,Fate/Extrafate extra,fine_art_parody={Fate_Extrafate_extra},FALSE,
태그작품,작품,스타일,Fate/Stay Night,fine_art_parody={Fate_Stay_Night},FALSE,
태그작품,작품,스타일,Fate/Grand order,fine_art_parody={Fate_grand_order},FALSE,
태그작품,작품,스타일,Fate/Kaleid liner prisma illya,fine_art_parody={Fate_kaleid_liner_prisma_illya},FALSE,
태그작품,작품,스타일,강철의 연금술사,fine_art_parody={Fullmetal_Alchemist},FALSE,
태그작품,작품,스타일,공각기동대,fine_art_parody={GHOST_IN_THE_SHELL},FALSE,
태그작품,작품,스타일,학전도시 아스터리스크,fine_art_parody={Gakusen_Toshi_Asterisk},FALSE,
태그작품,작품,스타일,은혼,fine_art_parody={Gintama},FALSE,
태그작품,작품,스타일,고블린 슬레이어,fine_art_parody={Goblin_Slayer},FALSE,
태그작품,작품,스타일,헬싱,fine_art_parody={Hellsing},FALSE,
태그작품,작품,스타일,하이스쿨 dxd,fine_art_parody={High_school_dxd},FALSE,
태그작품,작품,스타일,하이스쿨 오브 더 데드,fine_art_parody={Highschool_of_the_Dead},FALSE,
태그작품,작품,스타일,헌터x헌터,fine_art_parody={Hunter_x_Hunter},FALSE,
태그작품,작품,스타일,인피니트 스트라토스,fine_art_parody={Infinite_Stratos},FALSE,
태그작품,작품,스타일,이누야샤,fine_art_parody={InuYasha},FALSE,
태그작품,작품,스타일,죠죠의 기묘한 모험,fine_art_parody={JoJo_no_Kimyou_na_Bouken},FALSE,
태그작품,작품,스타일,킬 라 킬,fine_art_parody={Kill_la_Kill},FALSE,
태그작품,작품,스타일,귀멸의 칼날,fine_art_parody={Kimetsu_no_yaiba},FALSE,
태그작품,작품,스타일,로그 호라이즌,fine_art_parody={Log_Horizon},FALSE,
태그작품,작품,스타일,마기,fine_art_parody={Magi:The_Kingdom_of_Magic},FALSE,
태그작품,작품,스타일,마블 코믹스,fine_art_parody={Marvel_Comics},FALSE,
태그작품,작품,스타일,미래일기,fine_art_parody={Mirai_Nikki},FALSE,
태그작품,작품,스타일,나의 히어로 아카데미아,fine_art_parody={My_Hero_Academia},FALSE,
태그작품,작품,스타일,일곱 개의 대죄,fine_art_parody={Nanatsu_no_taizai},FALSE,
태그작품,작품,스타일,나루토,fine_art_parody={Naruto},FALSE,
태그작품,작품,스타일,원피스,fine_art_parody={One_Piece},FALSE,
태그작품,작품,스타일,원펀맨,fine_art_parody={One_Punch_Man},FALSE,
태그작품,작품,스타일,오버로드,fine_art_parody={Overlord},FALSE,
태그작품,작품,스타일,팬티&스타킹,fine_art_parody={Panty_&_Stocking_with_Garterbelt},FALSE,
태그작품,작품,스타일,포켓몬 시리즈,fine_art_parody={Pokemon},FALSE,
태그작품,작품,스타일,낙제기사의 영웅담,fine_art_parody={Rakudai_Kishi_no_Cavalry},FALSE,
태그작품,작품,스타일,진격의 거인,fine_art_parody={Shingeki_no_Kyojin},FALSE,
태그작품,작품,스타일,새여동생 마왕의 계약자,fine_art_parody={Shinmai_Maou_no_Testament},FALSE,
태그작품,작품,스타일,식극의 소마,fine_art_parody={Shokugeki_no_Soma},FALSE,
태그작품,작품,스타일,소울 이터,fine_art_parody={Soul_Eater},FALSE,
태그작품,작품,스타일,스파이 패밀리,fine_art_parody={Spy_x_Family},FALSE,
태그작품,작품,스타일,스트라이크 더 블러드,fine_art_parody={Strike_the_blood},FALSE,
태그작품,작품,스타일,소드 아트 온라인,fine_art_parody={Sword_Art_Online},FALSE,
태그작품,작품,스타일,방패용사 성공담,fine_art_parody={Tate_no_Yuusha_no_Nariagari},FALSE,
태그작품,작품,스타일,천원돌파 그렌라간,fine_art_parody={Tengen_toppa_gurren_lagann},FALSE,
태그작품,작품,스타일,전생했더니 슬라임이었던 건에,fine_art_parody={Tensei_shitara_Slime_Datta_Ken},FALSE,
태그작품,작품,스타일,어떤 마술과학의 시리즈,fine_art_parody={Toaru_Project},FALSE,
태그작품,작품,스타일,도쿄 구울,fine_art_parody={Tokyo_Ghoul},FALSE,
태그작품,작품,스타일,트리니티 세븐,fine_art_parody={Trinity_Seven},FALSE,
태그작품,작품,스타일,유녀전기,fine_art_parody={Youjo_Senki},FALSE,
태그작품,작품,스타일,유희왕 시리즈,fine_art_parody={Yu_Gi_Oh},FALSE,
태그작품,작품,스타일,제로의 사역마,fine_art_parody={Zero_no_Tsukaima},FALSE,
태그작품,작품,스타일,마법소녀 리리컬 나노하,fine_art_parody={mahou_shoujo_lyrical_nanoha},FALSE,
태그작품,작품,제작,8-bit Eight Bit Inc.,8-bit_Eight_Bit_Inc.,FALSE,
태그작품,작품,제작,A-1 Pictures,A-1_Pictures,FALSE,
태그작품,작품,제작,본즈,Bones,FALSE,
태그작품,작품,제작,CloverWorks,CloverWorks_Inc.,FALSE,
태그작품,작품,제작,동화공방,"DOGA_Kobo, Inc.",FALSE,
태그작품,작품,제작,david production,David_Production_Inc.,FALSE,
태그작품,작품,제작,가이낙스,"GAINAX_Co., Ltd.",FALSE,
태그작품,작품,제작,곤조,GONZO_K.K.,FALSE,
태그작품,작품,제작,J.C.Staff,Japan._Creative._STAFF,FALSE,
태그작품,작품,제작,키네마 시트러스,KINEMA_CITRUS,FALSE,
태그작품,작품,제작,교토 애니메이션,Kyoto_Animation,FALSE,
태그작품,작품,제작,라이덴 필름,"LIDENFILMS, Inc.",FALSE,
태그작품,작품,제작,Lerche,Lerche_Inc.,FALSE,
태그작품,작품,제작,매드하우스,MADHOUSE_Inc.,FALSE,
태그작품,작품,제작,MAPPA,MAPPA_Corporation,FALSE,
태그작품,작품,제작,P.A. WORKS,"P.A.WORKS_Co.,Ltd.",FALSE,
태그작품,작품,제작,스튜디오 피에로,"Pierrot_Co., Ltd.",FALSE,
태그작품,작품,제작,Production I.G,"Production_I.G, inc.",FALSE,
태그작품,작품,제작,산지겐,SANZIGEN_Inc.,FALSE,
태그작품,작품,제작,SATELIGHT,SATELIGHT_Inc.,FALSE,
태그작품,작품,제작,샤프트,SHAFT_Inc.,FALSE,
태그작품,작품,제작,SILVER LINK,"SILVER_LINK., Inc.",FALSE,
태그작품,작품,제작,선라이즈,SUNRISE_Studios,FALSE,
태그작품,작품,제작,스튜디오,St_gokumi,FALSE,
태그작품,작품,제작,스튜디오 딘,Studio_DEEN,FALSE,
태그작품,작품,제작,데즈카 프로덕션,"TEZUKA_PRODUCTIONS_Co., Ltd.",FALSE,
태그작품,작품,제작,토에이,"TOEI_COMPANY, LTD.",FALSE,
태그작품,작품,제작,트리거,Trigger_Inc.,FALSE,
태그작품,작품,제작,WIT STUDIO,"WIT STUDIO, Inc.",FALSE,
태그작품,작품,제작,WHITE FOX,"White_Fox_Co., Ltd.",FALSE,
태그작품,작품,제작,XEBEC,"Xebec, Inc.",FALSE,
태그작품,작품,제작,야오요로즈,"YAOYOROZU_CO.,LTD.",FALSE,
태그작품,작품,제작,디오미디어,diomedéa.,FALSE,
태그작품,작품,제작,feel.,"feel., inc",FALSE,
태그작품,작품,제작,Project No.9,project_No.9_Inc.,FALSE,
태그작품,작품,제작,타츠노코 프로덕션,tatsunoko_production,FALSE,
태그작품,작품,제작,ufotable,ufotable_Inc.,FALSE,
태그작품,캐릭터,DC 코믹스,바바라 고든,Barbara_Gordon,,
태그작품,캐릭터,DC 코믹스,배트걸,Batgirl,,
태그작품,캐릭터,DC 코믹스,배트우먼,Batwoman,,
태그작품,캐릭터,DC 코믹스,블랙카나리,Black_Canary,,
태그작품,캐릭터,DC 코믹스,블랙파이어,Black_Fire,,
태그작품,캐릭터,DC 코믹스,카산드라 케인,Cassandra_Cain,,
태그작품,캐릭터,DC 코믹스,캣우먼,Catwoman,,
태그작품,캐릭터,DC 코믹스,듀엘라 덴트,Duela_Dent,,
태그작품,캐릭터,DC 코믹스,인첸트리스,Enchantress,,
태그작품,캐릭터,DC 코믹스,할리퀸,Harley_Quinn,,
태그작품,캐릭터,DC 코믹스,헌트리스,Huntress,,
태그작품,캐릭터,DC 코믹스,제시카 크루즈,Jessica_Cruz,,
태그작품,캐릭터,DC 코믹스,카타나,Katana,,
태그작품,캐릭터,DC 코믹스,레이디 블랙호크,Lady_Blackhawk,,
태그작품,캐릭터,DC 코믹스,레이디 시바,Lady_Shiva,,
태그작품,캐릭터,DC 코믹스,로이스 레인,Lois_Lane,,
태그작품,캐릭터,DC 코믹스,메라,Mera,,
태그작품,캐릭터,DC 코믹스,미라클 몰리,Miracle_Molly,,
태그작품,캐릭터,DC 코믹스,포이즌 아이비,Poison_Ivy,,
태그작품,캐릭터,DC 코믹스,파워걸,Power_Girl,,
태그작품,캐릭터,DC 코믹스,펀치라인,Punchline,,
태그작품,캐릭터,DC 코믹스,레이븐,Raven,,
태그작품,캐릭터,DC 코믹스,로즈 윌슨,Rose_Wilson,,
태그작품,캐릭터,DC 코믹스,실버스완,Silver_Swan,,
태그작품,캐릭터,DC 코믹스,스타파이어,Starfire,,
태그작품,캐릭터,DC 코믹스,스타걸,Stargirl,,
태그작품,캐릭터,DC 코믹스,스테파니 브라운,Stephanie_Brown,,
태그작품,캐릭터,DC 코믹스,슈퍼걸,Super_Girl,,
태그작품,캐릭터,DC 코믹스,슈퍼우먼,Super_Woman,,
태그작품,캐릭터,DC 코믹스,탈리아 알 굴,Talia_al_Ghul,,
태그작품,캐릭터,DC 코믹스,원더걸,Wonder_Girl,,
태그작품,캐릭터,DC 코믹스,원더우먼,Wonder_Woman,,
태그작품,캐릭터,DC 코믹스,자타나,Zatanna,,
태그작품,캐릭터,Fate/Grand order,아비게일 윌리엄스,Abigail_Williams,,
태그작품,캐릭터,Fate/Grand order,아비게일 윌리엄스(수영복),Abigail_Williams_(Swimsuit_Summer),,
태그작품,캐릭터,Fate/Grand order,알테라,Altera,,
태그작품,캐릭터,Fate/Grand order,알테라 산 타,Altera_the_San(ta),,
태그작품,캐릭터,Fate/Grand order,아나스타샤,Anastasia,,
태그작품,캐릭터,Fate/Grand order,아나스타샤 & 비비 &,Anastasia_&_Viy,,
태그작품,캐릭터,Fate/Grand order,앤 보니 & 메리 리드,Anne_Bonny_&_Mary_Read,,
태그작품,캐릭터,Fate/Grand order,앤 보니 & 메리 리드 수영복,Anne_Bonny_&_Mary_Read_(Archer),,
태그작품,캐릭터,Fate/Grand order,아르토리아 캐스터,Artoria_Caster,,
태그작품,캐릭터,Fate/Grand order,아르토리아 펜드래곤,Artoria_Pendragon,,
태그작품,캐릭터,Fate/Grand order,아르토리아 펜드래곤 얼터,Artoria_Pendragon_(Alter),,
태그작품,캐릭터,Fate/Grand order,아르토리아 펜드래곤 랜서,Artoria_Pendragon_(Lancer),,
태그작품,캐릭터,Fate/Grand order,아르토리아 펜드래곤 랜서 얼터,Artoria_Pendragon_(Lancer_Alter),,
태그작품,캐릭터,Fate/Grand order,아르토리아 펜드래곤 릴리,Artoria_Pendragon_(Lily),,
태그작품,캐릭터,Fate/Grand order,아르토리아 펜드래곤 랜서 룰러,Artoria_Pendragon_(Ruler),,
태그작품,캐릭터,Fate/Grand order,아르토리아 펜드래곤 얼터 (산타),Artoria_Pendragon_(Santa_Alter),,
태그작품,캐릭터,Fate/Grand order,아르토리아 펜드래곤 수영복,Artoria_Pendragon_(Swimsuit_Archer),,
태그작품,캐릭터,Fate/Grand order,아르토리아 펜드래곤 얼터 수영복,Artoria_Pendragon_(Swimsuit_Rider_Alter),,
태그작품,캐릭터,Fate/Grand order,아사가미 후지노,Asagami_Fujino,,
태그작품,캐릭터,Fate/Grand order,아스트레아,Astraea,,
태그작품,캐릭터,Fate/Grand order,아탈란테,Atalanta,,
태그작품,캐릭터,Fate/Grand order,아탈란테 얼터,Atalanta_(Alter),,
태그작품,캐릭터,Fate/Grand order,BB 수영복,BBBB_(Summer),,
태그작품,캐릭터,Fate/Grand order,BB,BB_BB,,
태그작품,캐릭터,Fate/Grand order,바반시,Baobhan_Sith,,
태그작품,캐릭터,Fate/Grand order,바게스트,Barghest,,
태그작품,캐릭터,Fate/Grand order,베니 엔마 -,Beni-enma,,
태그작품,캐릭터,Fate/Grand order,부디카,Boudica,,
태그작품,캐릭터,Fate/Grand order,브라단만테,Bradamante,,
태그작품,캐릭터,Fate/Grand order,브륀힐데,Brynhildr,,
태그작품,캐릭터,Fate/Grand order,브륀힐데 수영복,Brynhildr_(Berserker),,
태그작품,캐릭터,Fate/Grand order,캘러미티 제인,Calamity_Jane,,
태그작품,캐릭터,Fate/Grand order,카밀라,Carmilla,,
태그작품,캐릭터,Fate/Grand order,카밀라 수영복,Carmilla_(Rider),,
태그작품,캐릭터,Fate/Grand order,차차,Chacha,,
태그작품,캐릭터,Fate/Grand order,샤를로트 코르데,Charlotte_Corday,,
태그작품,캐릭터,Fate/Grand order,샤를로트 코르데 수영복,Charlotte_Corday_(Caster),,
태그작품,캐릭터,Fate/Grand order,키르케,Circe,,
태그작품,캐릭터,Fate/Grand order,클레오파트라,Cleopatra,,
태그작품,캐릭터,Fate/Grand order,우미인,Consort_Yu,,
태그작품,캐릭터,Fate/Grand order,우미인 수영복,Consort_Yu_(Swimsuit_Lancer),,
태그작품,캐릭터,Fate/Grand order,도브리냐 니키티치,Dobrynya_Nikitich,,
태그작품,캐릭터,Fate/Grand order,엘리자베스 바토리,Elizabeth_Báthory,,
태그작품,캐릭터,Fate/Grand order,엘리자베스 바토리 브레이브,Elizabeth_Báthory_(Brave),,
태그작품,캐릭터,Fate/Grand order,엘리자베스 바토리 신데렐라,Elizabeth_Báthory_(Cinderella),,
태그작품,캐릭터,Fate/Grand order,엘리자베스 바토리 할로윈,Elizabeth_Báthory_(Halloween),,
태그작품,캐릭터,Fate/Grand order,에레쉬키갈,Ereshkigal,,
태그작품,캐릭터,Fate/Grand order,에우로페,Europa,,
태그작품,캐릭터,Fate/Grand order,에우리알레,Euryale,,
태그작품,캐릭터,Fate/Grand order,프랜시스 드레이크,Francis_Drake,,
태그작품,캐릭터,Fate/Grand order,프랑켄슈타인,Frankenstein,,
태그작품,캐릭터,Fate/Grand order,프랑켄슈타인 산타,Frankenstein_(Christmas),,
태그작품,캐릭터,Fate/Grand order,프랑켄슈타인 수영복,Frankenstein_(swimsuit_Saber),,
태그작품,캐릭터,Fate/Grand order,갈라테이아,Galatea,,
태그작품,캐릭터,Fate/Grand order,가레스,Gareth,,
태그작품,캐릭터,Fate/Grand order,가레스 수영복,Gareth_(Swimsuit_Saber),,
태그작품,캐릭터,Fate/Grand order,고르곤,Gorgon,,
태그작품,캐릭터,Fate/Grand order,그레이,Gray,,
태그작품,캐릭터,Fate/Grand order,하베트롯,Habetrot,,
태그작품,캐릭터,Fate/Grand order,백모의 핫산,Hassan_of_the_Hundred_Faces,,
태그작품,캐릭터,Fate/Grand order,정밀의 핫산,Hassan_of_the_Serenity,,
태그작품,캐릭터,Fate/Grand order,엘레나 블레바츠키,Helena_Blavatsky,,
태그작품,캐릭터,Fate/Grand order,엘레나 블레바크치 산타,Helena_Blavatsky_(Christmas),,
태그작품,캐릭터,Fate/Grand order,엘레나 블레바츠키 수영복,Helena_Blavatsky_(Swimsuit_Archer),,
태그작품,캐릭터,Fate/Grand order,헤파이스티온,Hephaestion,,
태그작품,캐릭터,Fate/Grand order,히메코,Himiko,,
태그작품,캐릭터,Fate/Grand order,이바라키도지,Ibaraki_Dōji,,
태그작품,캐릭터,Fate/Grand order,이바라키도지 수영복,Ibaraki_Dōji_(Lancer),,
태그작품,캐릭터,Fate/Grand order,이부키도지,Ibuki_Dōji,,
태그작품,캐릭터,Fate/Grand order,이부키도지 수영복,Ibuki_Dōji_(Swimsuit_Berserker),,
태그작품,캐릭터,Fate/Grand order,이슈타르,Ishtar,,
태그작품,캐릭터,Fate/Grand order,이슈타르 수영복,Ishtar_(Swimsuit_Rider),,
태그작품,캐릭터,Fate/Grand order,이요,Iyo,,
태그작품,캐릭터,Fate/Grand order,이즈모의 오쿠니,Izumo_no_Okuni,,
태그작품,캐릭터,Fate/Grand order,오키타 J 소지,JOkita_J_Sōji_Swimsuit,,
태그작품,캐릭터,Fate/Grand order,잭 더 리퍼,Jack_the_Ripper,,
태그작품,캐릭터,Fate/Grand order,자크 데 몰레,Jacques_de_Molay,,
태그작품,캐릭터,Fate/Grand order,재규어맨,Jaguar_Man,,
태그작품,캐릭터,Fate/Grand order,잔 다르크,Jeanne_d'Arc,,
태그작품,캐릭터,Fate/Grand order,잔 다르크 얼터,Jeanne_d'Arc_(Alter),,
태그작품,캐릭터,Fate/Grand order,잔 다르크 얼터 산타 릴리,Jeanne_d'Arc_(Alter)_(Santa_Lily),,
태그작품,캐릭터,Fate/Grand order,잔 다르크 수영복,Jeanne_d'Arc_(Archer),,
태그작품,캐릭터,Fate/Grand order,잔 다르크 얼터 수영복,Jeanne_d'Arc_(Berserker_Alter),,
태그작품,캐릭터,Fate/Grand order,지나코 카리기리,Jinako_Carigiri,,
태그작품,캐릭터,Fate/Grand order,형가,Jing_Ke,,
태그작품,캐릭터,Fate/Grand order,카마 수영복,Kama_(Swimsuit_Avenger),,
태그작품,캐릭터,Fate/Grand order,카마,Kame,,
태그작품,캐릭터,Fate/Grand order,멀린 프로토타입 수영복,Lady_Avalon,,
태그작품,캐릭터,Fate/Grand order,락슈미바이,Lakshmibai,,
태그작품,캐릭터,Fate/Grand order,레오나르도 다 빈치,Leonardo_Da_Vinci,,
태그작품,캐릭터,Fate/Grand order,레오나르도 다 빈치 라이더,Leonardo_Da_Vinci_(Rider),,
태그작품,캐릭터,Fate/Grand order,레오나르도 다 빈치 룰러,Leonardo_Da_Vinci_(Ruler),,
태그작품,캐릭터,Fate/Grand order,마나난 막 리르,Manannán_mac_Lir_(Bazett),,
태그작품,캐릭터,Fate/Grand order,마리 앙투아네트,Marie_Antoinette,,
태그작품,캐릭터,Fate/Grand order,마리 앙투아네트 수영복,Marie_Antoinette_(Swimsuit_Caster),,
태그작품,캐릭터,Fate/Grand order,마르타,Martha,,
태그작품,캐릭터,Fate/Grand order,마르타 수영복,Martha_(Ruler),,
태그작품,캐릭터,Fate/Grand order,마르타 산타,Martha_(Santa),,
태그작품,캐릭터,Fate/Grand order,마슈 키리에라이트,Mashu_Kyrielight,,
태그작품,캐릭터,Fate/Grand order,마타 하리,Mata_Hari,,
태그작품,캐릭터,Fate/Grand order,메카 엘리자베트 1호,Mecha_Eli-chan,,
태그작품,캐릭터,Fate/Grand order,메카 엘리자베트 2호,Mecha_Eli-chan_Mk.II,,
태그작품,캐릭터,Fate/Grand order,메두사,Medea,,
태그작품,캐릭터,Fate/Grand order,메데이아 릴리,Medea_(Lily),,
태그작품,캐릭터,Fate/Grand order,메두사 랜서,Medusa_(Lancer),,
태그작품,캐릭터,Fate/Grand order,멜트릴리스,Meltlilith,,
태그작품,캐릭터,Fate/Grand order,멀린 프로토타입,Merlin_(Prototype),,
태그작품,캐릭터,Fate/Grand order,미나모토노 라이코ō,Minamoto_no_Raikō,,
태그작품,캐릭터,Fate/Grand order,미나모토노 라이코 수영복,Minamoto_no_Raikō_(Swimsuit_Lancer),,
태그작품,캐릭터,Fate/Grand order,미스 크레인,Miss_Crane,,
태그작품,캐릭터,Fate/Grand order,미야모토 무사시,Miyamoto_Musashi,,
태그작품,캐릭터,Fate/Grand order,미야모토 무사시 수영복,Miyamoto_Musashi_(Swimsuit_Berserker),,
태그작품,캐릭터,Fate/Grand order,모치즈키 치요메,Mochizuki_Chiyome,,
태그작품,캐릭터,Fate/Grand order,모드레드,Mordred,,
태그작품,캐릭터,Fate/Grand order,모드레드 수영복,Mordred_(Swimsuit_Rider),,
태그작품,캐릭터,Fate/Grand order,모르간,Morgan,,
태그작품,캐릭터,Fate/Grand order,무라사키 시키부,Murasaki_Shikibu,,
태그작품,캐릭터,Fate/Grand order,무라사키 시키부 수영복,Murasaki_Shikibu_(Swimsuit_Rider),,
태그작품,캐릭터,Fate/Grand order,멜트릴리스 수영복,Mysterious_Alter_Ego_Λ,,
태그작품,캐릭터,Fate/Grand order,멜뤼진,Mélusine,,
태그작품,캐릭터,Fate/Grand order,나가오 카케토라,Nagao_Kagetora,,
태그작품,캐릭터,Fate/Grand order,네로 클라디우스,Nero_Claudius,,
태그작품,캐릭터,Fate/Grand order,네로 클라디우스 브라이드,Nero_Claudius_(Bride),,
태그작품,캐릭터,Fate/Grand order,네로 클라디우스 캐스터,Nero_Claudius_(Caster),,
태그작품,캐릭터,Fate/Grand order,나타,Nezha,,
태그작품,캐릭터,Fate/Grand order,나이팅게일,Nightingale,,
태그작품,캐릭터,Fate/Grand order,나이팅게일 산타,Nightingale_(Santa),,
태그작품,캐릭터,Fate/Grand order,니토크리스,Nitocris,,
태그작품,캐릭터,Fate/Grand order,니토크리스 수영복,Nitocris_(Assassin),,
태그작품,캐릭터,Fate/Grand order,오다 노부나가,Oda_Nobunaga,,
태그작품,캐릭터,Fate/Grand order,오다 노부가나 어벤저,Oda_Nobunaga_(Avenger),,
태그작품,캐릭터,Fate/Grand order,오다 노부나가 수영복,Oda_Nobunaga_(Swimsuit_Berserker),,
태그작품,캐릭터,Fate/Grand order,오키타 소지,Okita_Sōji,,
태그작품,캐릭터,Fate/Grand order,오키타 소지 얼터,Okita_Sōji_(Alter),,
태그작품,캐릭터,Fate/Grand order,오사카베히메,Osakabehime,,
태그작품,캐릭터,Fate/Grand order,오사카베히메 수영복,Osakabehime_(Archer),,
태그작품,캐릭터,Fate/Grand order,파르바티,Parvati,,
태그작품,캐릭터,Fate/Grand order,패션립,Passionlip,,
태그작품,캐릭터,Fate/Grand order,풀 바니,Paul_Bunyan,,
태그작품,캐릭터,Fate/Grand order,펜테실레이아,Penthesilea,,
태그작품,캐릭터,Fate/Grand order,진양옥,Qin_Liangyu,,
태그작품,캐릭터,Fate/Grand order,메이브,Queen_Medb,,
태그작품,캐릭터,Fate/Grand order,메이브 수영복,Queen_Medb_(Swimsuit_Saber),,
태그작품,캐릭터,Fate/Grand order,시바의 여왕,Queen_of_Sheba,,
태그작품,캐릭터,Fate/Grand order,케찰코아틀,Quetzalcoatl,,
태그작품,캐릭터,Fate/Grand order,케찰코아틀 산타,Quetzalcoatl_(Samba/Santa),,
태그작품,캐릭터,Fate/Grand order,료우기 시키,Ryōgi_Shiki_(Assassin),,
태그작품,캐릭터,Fate/Grand order,료우기 시키 기모노,Ryōgi_Shiki_(Saber),,
태그작품,캐릭터,Fate/Grand order,살로메,Salome,,
태그작품,캐릭터,Fate/Grand order,셰헤라자데,Scheherazade,,
태그작품,캐릭터,Fate/Grand order,스카사하,Scáthach,,
태그작품,캐릭터,Fate/Grand order,스카디,Scáthach-Skaði,,
태그작품,캐릭터,Fate/Grand order,스카디 수영복,Scáthach-Skaði_(Swimsuit_Ruler),,
태그작품,캐릭터,Fate/Grand order,스카사하 수영복,Scáthach_(Swimsuit_Assassin),,
태그작품,캐릭터,Fate/Grand order,세이 쇼나곤,Sei_Shōnagon,,
태그작품,캐릭터,Fate/Grand order,세이 쇼나곤 수영복,Sei_Shōnagon_(Swimsuit_Berserker),,
태그작품,캐릭터,Fate/Grand order,세미라미스,Semiramis,,
태그작품,캐릭터,Fate/Grand order,세노 리큐,Sen_no_Rikyū,,
태그작품,캐릭터,Fate/Grand order,셋쇼인 키아라,Sesshōin_Kiara,,
태그작품,캐릭터,Fate/Grand order,셋쇼인 키아라 수영복,Sesshōin_Kiara_(Swimsuit_Moon_Cancer),,
태그작품,캐릭터,Fate/Grand order,슈텐도지,Shuten_Dōji,,
태그작품,캐릭터,Fate/Grand order,슈텐도지 캐스터,Shuten_Dōji_(Caster),,
태그작품,캐릭터,Fate/Grand order,시타,Sita,,
태그작품,캐릭터,Fate/Grand order,시토나이,Sitonai,,
태그작품,캐릭터,Fate/Grand order,스페이스 이슈타르,Space_Ishtar,,
태그작품,캐릭터,Fate/Grand order,스텐노,Stheno,,
태그작품,캐릭터,Fate/Grand order,스즈카 고젠,Suzuka_Gozen,,
태그작품,캐릭터,Fate/Grand order,스즈카 고젠 산타,Suzuka_Gozen_(Santa),,
태그작품,캐릭터,Fate/Grand order,타마모 캣,Tamamo_Cat,,
태그작품,캐릭터,Fate/Grand order,타마모빗치 코얀스카야,Tamamo_Vitch_Koyanskaya,,
태그작품,캐릭터,Fate/Grand order,타마모빗치 코얀스카야 포리너,Tamamo_Vitch_Koyanskaya_(Foreigner),,
태그작품,캐릭터,Fate/Grand order,타마모노마에,Tamamo_no_Mae,,
태그작품,캐릭터,Fate/Grand order,타마모노마에 수영복,Tamamo_no_Mae_(Swimsuit_Lancer),,
태그작품,캐릭터,Fate/Grand order,타이마트,Tiamat,,
태그작품,캐릭터,Fate/Grand order,토모에 고젠,Tomoe_Gozen,,
태그작품,캐릭터,Fate/Grand order,토모에 고젠 수영복,Tomoe_Gozen_(Swimsuit_Saber),,
태그작품,캐릭터,Fate/Grand order,쯩 자매,Trung_Sisters,,
태그작품,캐릭터,Fate/Grand order,우시와카마루,Ushiwakamaru,,
태그작품,캐릭터,Fate/Grand order,우시와카마루 수영복,Ushiwakamaru_(Swimsuit_Assassin),,
태그작품,캐릭터,Fate/Grand order,우츠미 에리세,Utsumi_Erice,,
태그작품,캐릭터,Fate/Grand order,우츠미 에리세 수영복,Utsumi_Erice_(Swimsuit_Avenger),,
태그작품,캐릭터,Fate/Grand order,발키리,Valkyrie,,
태그작품,캐릭터,Fate/Grand order,반 고흐,Van_Gogh,,
태그작품,캐릭터,Fate/Grand order,브리트라,Vritra,,
태그작품,캐릭터,Fate/Grand order,무측천,Wu_Zetian,,
태그작품,캐릭터,Fate/Grand order,무측천 수영복,Wu_Zetian_(Swimsuit_Caster),,
태그작품,캐릭터,Fate/Grand order,수수께끼의 히로인 얼터,XMysterious_Heroine_X_(Alter),,
태그작품,캐릭터,Fate/Grand order,수수께끼의 아이돌 얼터,XMysterious_Idol_X_(Alter),,
태그작품,캐릭터,Fate/Grand order,수수께끼의 히로인,XX_Mysterious_Heroine_XX,,
태그작품,캐릭터,Fate/Grand order,수수께끼의 히로인,X_Mysterious_Heroine_X,,
태그작품,캐릭터,Fate/Grand order,현장 삼장,Xuanzang_Sanzang,,
태그작품,캐릭터,Fate/Grand order,양귀비,Yang_Guifei,,
태그작품,캐릭터,Fate/Grand order,제노비아,Zenobia,,
태그작품,캐릭터,Fate/stay night,세이버 Saber,(Fate/stay_night),,
태그작품,캐릭터,Fate/stay night,라이더 Rider,(Fate/stay_night),,
태그작품,캐릭터,Fate/stay night,캐스터,Caster(Fate/stay_night),,
태그작품,캐릭터,Fate/stay night,이리야스필 폰 아인츠베른,Illyasviel_von_Einzbern_(Fate/stay_night),,
태그작품,캐릭터,Fate/stay night,토오사카 린,Rin_Tohsaka_(Fate/stay_night),,
태그작품,캐릭터,Fate/stay night,마토 사쿠라,Sakura_Matou_(Fate/stay_night),,
태그작품,캐릭터,강철의 연금술사,이즈미 카터스,Izumi_Curtis,FALSE,
태그작품,캐릭터,강철의 연금술사,러스트,Lust,FALSE,
태그작품,캐릭터,강철의 연금술사,올리비에 밀라 암스트롱,Olivier_Mira_Armstrong,FALSE,
태그작품,캐릭터,강철의 연금술사,리자 호크아이,Riza_Hawkeye,FALSE,
태그작품,캐릭터,강철의 연금술사,윈리 록벨,Winry_Rockbell,FALSE,
태그작품,캐릭터,고블린 슬레이어,소치기 소녀,Cow_Girl(Goblin_Slayer),FALSE,
태그작품,캐릭터,고블린 슬레이어,접수원 아가씨,Guild_Girl(Goblin_Slayer),FALSE,
태그작품,캐릭터,고블린 슬레이어,엘프 궁수,High_Elf_Archer(Goblin_Slayer),FALSE,
태그작품,캐릭터,고블린 슬레이어,여신관,Priestess(Goblin_Slayer),FALSE,
태그작품,캐릭터,고블린 슬레이어,검의 처녀,Sword_Maiden,FALSE,
태그작품,캐릭터,귀멸의 칼날,다키,Daki,FALSE,
태그작품,캐릭터,귀멸의 칼날,츠유리 카나에,Kanao_Tsuyuri,FALSE,
태그작품,캐릭터,귀멸의 칼날,마키오,Makio,FALSE,
태그작품,캐릭터,귀멸의 칼날,카마도 네지로,Nezuko_Kamado,FALSE,
태그작품,캐릭터,귀멸의 칼날,코쵸 시노부,Shinobu_Kocho,FALSE,
태그작품,캐릭터,귀멸의 칼날,츠마,Suma,FALSE,
태그작품,캐릭터,나는 친구가 적다,타카먀아 케이트,Kate_Takayama,FALSE,
태그작품,캐릭터,나는 친구가 적다,하세가와 코바토,Kobato_Hasegawa,FALSE,
태그작품,캐릭터,나는 친구가 적다,타카야마 마리아,Maria_Takayama,FALSE,
태그작품,캐릭터,나는 친구가 적다,시구마 리카,Rika_Shiguma,FALSE,
태그작품,캐릭터,나는 친구가 적다,카시와자키 세나,Sena_Kashiwazaki,FALSE,
태그작품,캐릭터,나는 친구가 적다,미카츠키 요조라,Yozora_Mikazuki,FALSE,
태그작품,캐릭터,나는 친구가 적다,쿠스노키 유키무라,Yukimura_Kusunoki,FALSE,
태그작품,캐릭터,나루토,미타라시 앙코,Anko_Mitarashi,FALSE,
태그작품,캐릭터,나루토,아마네,Ayame,FALSE,
태그작품,캐릭터,나루토,후우,Fuu,FALSE,
태그작품,캐릭터,나루토,야마나카 이노,Ino_Yamanaka,FALSE,
태그작품,캐릭터,나루토,오오츠츠키 카구야,Kaguya_Otsutsuki,FALSE,
태그작품,캐릭터,나루토,우즈마키 카린,Karin_Uzumaki,FALSE,
태그작품,캐릭터,나루토,카루이,Karui,FALSE,
태그작품,캐릭터,나루토,코난,Konan,FALSE,
태그작품,캐릭터,나루토,쿠로츠치,Kurotsuchi,FALSE,
태그작품,캐릭터,나루토,우즈마키 쿠시나,Kushina_Uzumaki,FALSE,
태그작품,캐릭터,나루토,마부이,Mabui,FALSE,
태그작품,캐릭터,나루토,마츠이,Matsuri,FALSE,
태그작품,캐릭터,나루토,테루미 메이,Mei_Terumi,FALSE,
태그작품,캐릭터,나루토,우치하 미코토,Mikoto_Uchiha,FALSE,
태그작품,캐릭터,나루토,우즈마키 미토,Mito_Uzumaki,FALSE,
태그작품,캐릭터,나루토,파쿠라,Pakura,FALSE,
태그작품,캐릭터,나루토,노하라 린,Rin_Nohara,FALSE,
태그작품,캐릭터,나루토,하루노 사쿠라,Sakura_Haruno,FALSE,
태그작품,캐릭터,나루토,사무이,Samui,FALSE,
태그작품,캐릭터,나루토,시즈네,Shizune,FALSE,
태그작품,캐릭터,나루토,타유야,Tayuya,FALSE,
태그작품,캐릭터,나루토,테마리,Temari,FALSE,
태그작품,캐릭터,나루토,텐텐,Tenten,FALSE,
태그작품,캐릭터,나루토,츠나데,Tsunade,FALSE,
태그작품,캐릭터,나루토,니이 유기토,Yugito_Nii,FALSE,
태그작품,캐릭터,나루토,유우히 쿠레나이,Yuuhi_Kurenai,FALSE,
태그작품,캐릭터,나루토,휴우카,히나비_Hanabi_Hyuuga,FALSE,
태그작품,캐릭터,나루토,휴우가,히나타_Hinata_Hyuuga,FALSE,
태그작품,캐릭터,나의 히어로 아카데미아,버닝,Burnin,FALSE,
태그작품,캐릭터,나의 히어로 아카데미아,우츠시미 케미,Camie_Utsushimi,FALSE,
태그작품,캐릭터,나의 히어로 아카데미아,큐리어스,Chitose_Kizuki,FALSE,
태그작품,캐릭터,나의 히어로 아카데미아,토도로키 후유미,Fuyumi_Todoroki,FALSE,
태그작품,캐릭터,나의 히어로 아카데미아,켄도 이츠카,Itsuka_Kendo,FALSE,
태그작품,캐릭터,나의 히어로 아카데미아,지로 쿄카,Kyoka_Jiro,FALSE,
태그작품,캐릭터,나의 히어로 아카데미아,만달레이,Mandalay,FALSE,
태그작품,캐릭터,나의 히어로 아카데미아,하츠메 메이,Mei_Hatsume,FALSE,
태그작품,캐릭터,나의 히어로 아카데미아,멜리사 실드,Melissa_Shield,FALSE,
태그작품,캐릭터,나의 히어로 아카데미아,미드나이트,Midnight,FALSE,
태그작품,캐릭터,나의 히어로 아카데미아,아시도 미나,Mina_Ashido,FALSE,
태그작품,캐릭터,나의 히어로 아카데미아,미르코,Mirko,FALSE,
태그작품,캐릭터,나의 히어로 아카데미아,바쿠고 미츠키,Mitsuki_Bakugo,FALSE,
태그작품,캐릭터,나의 히어로 아카데미아,야오요로즈 모모,Momo_Yaoyorozu,FALSE,
태그작품,캐릭터,나의 히어로 아카데미아,마운트 레이디,Mt._Lady,FALSE,
태그작품,캐릭터,나의 히어로 아카데미아,시무라 나나,Nana_Shimura,FALSE,
태그작품,캐릭터,나의 히어로 아카데미아,하도 네지레,Nejire_Hado,FALSE,
태그작품,캐릭터,나의 히어로 아카데미아,우라라카 오챠코,Ochaco_Uraraka,FALSE,
태그작품,캐릭터,나의 히어로 아카데미아,픽시 팝,Pixie-Bob,FALSE,
태그작품,캐릭터,나의 히어로 아카데미아,렉돌,Ragdoll,FALSE,
태그작품,캐릭터,나의 히어로 아카데미아,토도로키 레이,Rei_Todoroki,FALSE,
태그작품,캐릭터,나의 히어로 아카데미아,야나기 레이코,Reiko_Yanagi,FALSE,
태그작품,캐릭터,나의 히어로 아카데미아,류쿠,Ryukyu,FALSE,
태그작품,캐릭터,나의 히어로 아카데미아,토카게 세츠나,Setsuna_Tokage,FALSE,
태그작품,캐릭터,나의 히어로 아카데미아,나카가메 타타미,Tatami_Nakagame,FALSE,
태그작품,캐릭터,나의 히어로 아카데미아,하가쿠레 토오루,Toru_Hagakure,FALSE,
태그작품,캐릭터,나의 히어로 아카데미아,아스이 츠유,Tsuyu_Asui,FALSE,
태그작품,캐릭터,나의 히어로 아카데미아,우사바미,Uwabami,FALSE,
태그작품,캐릭터,나의 히어로 아카데미아,레이디 나강,_Lady_Nagant,FALSE,
태그작품,캐릭터,나의 히어로 아카데미아,러브러버,lovelover,FALSE,
태그작품,캐릭터,나의 히어로 아카데미아,토가,히미코_Himiko_Toga,FALSE,
태그작품,캐릭터,낙제기사의 영웅담,아야츠지 아야세,Ayase_Ayatsuji,FALSE,
태그작품,캐릭터,낙제기사의 영웅담,쿠로가네 시즈쿠,Shizuku_Kurogane,FALSE,
태그작품,캐릭터,낙제기사의 영웅담,스텔라 버밀리온,Stella_Vermillion,FALSE,
태그작품,캐릭터,낙제기사의 영웅담,토도 토카,Touka_Toudou,FALSE,
태그작품,캐릭터,단간론파,오와리 아카네,Akane_Owari,FALSE,
태그작품,캐릭터,단간론파,요나가 안지,Angie_Yonaga,FALSE,
태그작품,캐릭터,단간론파,아사히나 아오이,Aoi_Asahina,FALSE,
태그작품,캐릭터,단간론파,셀레스티아 루덴베르크,Celestia_Ludenberg,FALSE,
태그작품,캐릭터,단간론파,나나미 치아키,Chiaki_Nanami,FALSE,
태그작품,캐릭터,단간론파,사이욘지 이요코,Hiyoko_Saionji,FALSE,
태그작품,캐릭터,단간론파,미오다 이부키,Ibuki_Mioda,FALSE,
태그작품,캐릭터,단간론파,에노시마 쥰코,Junko_Enoshima,FALSE,
태그작품,캐릭터,단간론파,아카마츠 카에데,Kaede_Akamatsu,FALSE,
태그작품,캐릭터,단간론파,토죠 쿠루미,Kirumi_Tojo,FALSE,
태그작품,캐릭터,단간론파,키리기리 쿄코,Kyoko_Kirigiri,FALSE,
태그작품,캐릭터,단간론파,코이즈미 마히루,Mahiru_Koizumi,FALSE,
태그작품,캐릭터,단간론파,하라쿠와 마키,Maki_Harukawa,FALSE,
태그작품,캐릭터,단간론파,츠미키 미캉,Mikan_Tsumiki,FALSE,
태그작품,캐릭터,단간론파,이루마 미우,Miu_Iruma,FALSE,
태그작품,캐릭터,단간론파,이쿠사바 무쿠로,Mukuro_Ikusaba,FALSE,
태그작품,캐릭터,단간론파,페코야마 페코,Peko_Pekoyama,FALSE,
태그작품,캐릭터,단간론파,마이조노 사야카,Sayaka_Maizono,FALSE,
태그작품,캐릭터,단간론파,소니아 네버마인드,Sonia_Nevermind,FALSE,
태그작품,캐릭터,단간론파,챠바시라 텐코,Tenko_Chabashira,FALSE,
태그작품,캐릭터,단간론파,후카와 토코,Toko_Fukawa,FALSE,
태그작품,캐릭터,단간론파,시로가네 츠무기,Tsumugi_Shirogane,FALSE,
태그작품,캐릭터,단간론파,유메노,히미코_Himiko_Yumeno,FALSE,
태그작품,캐릭터,달링 인 더 프랑키스,이치고,Ichigo,FALSE,
태그작품,캐릭터,달링 인 더 프랑키스,코코로,Kokoro,FALSE,
태그작품,캐릭터,달링 인 더 프랑키스,제로투,Zero_Two,FALSE,
태그작품,캐릭터,던전에서 만남을 추구하면 안 되는 걸까?,아미드 테아사나레,Airmid_Teasanare,FALSE,
태그작품,캐릭터,던전에서 만남을 추구하면 안 되는 걸까?,아이즈 발렌슈타인,Ais_Wallenstein,FALSE,
태그작품,캐릭터,던전에서 만남을 추구하면 안 되는 걸까?,아이샤 벨카,Aisha_Belka,FALSE,
태그작품,캐릭터,던전에서 만남을 추구하면 안 되는 걸까?,아라시아 포레스트라이트,Alicia_Forestlight,FALSE,
태그작품,캐릭터,던전에서 만남을 추구하면 안 되는 걸까?,아냐 프로멜,Anya_Fromel,FALSE,
태그작품,캐릭터,던전에서 만남을 추구하면 안 되는 걸까?,아스피 알 안드로메다,Asfi_Al_Andromeda,FALSE,
태그작품,캐릭터,던전에서 만남을 추구하면 안 되는 걸까?,카산드라 일리온,Cassandra_Ilion,FALSE,
태그작품,캐릭터,던전에서 만남을 추구하면 안 되는 걸까?,다프네 라우로스,Daphne_Lauros,FALSE,
태그작품,캐릭터,던전에서 만남을 추구하면 안 되는 걸까?,데메테르,Demeter(DunMachi),FALSE,
태그작품,캐릭터,던전에서 만남을 추구하면 안 되는 걸까?,에이나 튤,Eina_Tulle,FALSE,
태그작품,캐릭터,던전에서 만남을 추구하면 안 되는 걸까?,프레이야,Freya(DunMachi),FALSE,
태그작품,캐릭터,던전에서 만남을 추구하면 안 되는 걸까?,헤파이스토스,Hephaestus(DunMachi),FALSE,
태그작품,캐릭터,던전에서 만남을 추구하면 안 되는 걸까?,헤스티아,Hestia(DunMachi),FALSE,
태그작품,캐릭터,던전에서 만남을 추구하면 안 되는 걸까?,이슈타르,Ishtar(DunMachi),FALSE,
태그작품,캐릭터,던전에서 만남을 추구하면 안 되는 걸까?,레피야 비리디스,Lefiya_Viridis,FALSE,
태그작품,캐릭터,던전에서 만남을 추구하면 안 되는 걸까?,로키,Loki(DunMachi),FALSE,
태그작품,캐릭터,던전에서 만남을 추구하면 안 되는 걸까?,레비스,Revis,FALSE,
태그작품,캐릭터,던전에서 만남을 추구하면 안 되는 걸까?,리베리아 리요스 알브,Riveria_Ljos_Alf,FALSE,
태그작품,캐릭터,던전에서 만남을 추구하면 안 되는 걸까?,류 리온,Ryuu_Lion,FALSE,
태그작품,캐릭터,던전에서 만남을 추구하면 안 되는 걸까?,산죠노 하루히메,Sanjouno_Haruhime,FALSE,
태그작품,캐릭터,던전에서 만남을 추구하면 안 되는 걸까?,시르 플로버,Syr_Flova,FALSE,
태그작품,캐릭터,던전에서 만남을 추구하면 안 되는 걸까?,티오나,히류테_Tiona_Hiryute,FALSE,
태그작품,캐릭터,던전에서 만남을 추구하면 안 되는 걸까?,티오네,히류테_Tione_Hiryute,FALSE,
태그작품,캐릭터,도쿄 구울,야시후사 쿠로나,:_Kurona_Yasuhisa,FALSE,
태그작품,캐릭터,도쿄 구울,샤오 진리,Ching-Li_Hsiao,FALSE,
태그작품,캐릭터,도쿄 구울,요시무라 에토,Eto_Yoshimura,FALSE,
태그작품,캐릭터,도쿄 구울,우헤이 하이루,Hairu_Ihei,FALSE,
태그작품,캐릭터,도쿄 구울,이토리,Itori,FALSE,
태그작품,캐릭터,도쿄 구울,카미시로 리제,Rize_Kamishiro,FALSE,
태그작품,캐릭터,도쿄 구울,호이토 로마,Roma_Hoito,FALSE,
태그작품,캐릭터,도쿄 구울,후에구치 류코,Ryouko_Fueguchi,FALSE,
태그작품,캐릭터,도쿄 구울,요네바야시 사이코,Saiko_Yonebayashi,FALSE,
태그작품,캐릭터,도쿄 구울,키리시마 토우카,Touka_Kirishima,FALSE,
태그작품,캐릭터,도쿄 구울,후에구치,히나미_Hinami_Fueguchi,FALSE,
태그작품,캐릭터,드래곤볼,인조인간 18호,Android_18,FALSE,
태그작품,캐릭터,드래곤볼,인조인간 21호,Android_21_Evil,FALSE,
태그작품,캐릭터,드래곤볼,인조인간 21호,Android_21_Good,FALSE,
태그작품,캐릭터,드래곤볼,부라,Bulla,FALSE,
태그작품,캐릭터,드래곤볼,부르마,Bulma,FALSE,
태그작품,캐릭터,드래곤볼,마론,Maron,FALSE,
태그작품,캐릭터,로그 호라이즌,로에,2_Roe2,FALSE,
태그작품,캐릭터,로그 호라이즌,아카츠키,Akatsuki,FALSE,
태그작품,캐릭터,로그 호라이즌,인틱스,Indicus,FALSE,
태그작품,캐릭터,로그 호라이즌,카나미,Kanami,FALSE,
태그작품,캐릭터,로그 호라이즌,나즈나,Nazuna,FALSE,
태그작품,캐릭터,로그 호라이즌,누레하,Nureha,FALSE,
태그작품,캐릭터,로그 호라이즌,테토라,Tetora,FALSE,
태그작품,캐릭터,마기,아르바,Arba,FALSE,
태그작품,캐릭터,마기,연백련,Hakuei_Ren,FALSE,
태그작품,캐릭터,마기,연홍옥,Kougyoku_Ren,FALSE,
태그작품,캐릭터,마기,모르지아나,Morgiana,FALSE,
태그작품,캐릭터,마기,셰헤라자데,Scheherazade,FALSE,
태그작품,캐릭터,마기,시바,Sheba,FALSE,
태그작품,캐릭터,마기,야무라이히,Yamraiha,FALSE,
태그작품,캐릭터,마블 코믹스,블랙캣,Black_Cat,,
태그작품,캐릭터,마블 코믹스,블랙 위도우,Black_Widow,,
태그작품,캐릭터,마블 코믹스,캡틴 마블,Captain_Marvel,,
태그작품,캐릭터,마블 코믹스,대거,Dagger,,
태그작품,캐릭터,마블 코믹스,엘렉트라,Elektra,,
태그작품,캐릭터,마블 코믹스,엠마 프로스트,Emma_Frost,,
태그작품,캐릭터,마블 코믹스,그웬 스테이시,Gwen_Stacy,,
태그작품,캐릭터,마블 코믹스,인비저블 우먼,Invisible_Woman,,
태그작품,캐릭터,마블 코믹스,제인 포스터,Jane_Foster,,
태그작품,캐릭터,마블 코믹스,진 그레이,Jean_Grey,,
태그작품,캐릭터,마블 코믹스,케이트 비숍,Kate_Bishop,,
태그작품,캐릭터,마블 코믹스,키티 프라이드,Kate_Pryde,,
태그작품,캐릭터,마블 코믹스,로라 키니,Laura_Kinney,,
태그작품,캐릭터,마블 코믹스,루나 스노우,Luna_Snow,,
태그작품,캐릭터,마블 코믹스,매직,Magik,,
태그작품,캐릭터,마블 코믹스,메리 제인,Mary_Jane,,
태그작품,캐릭터,마블 코믹스,메두사,Medusa,,
태그작품,캐릭터,마블 코믹스,미즈마블,Ms._Marvel,,
태그작품,캐릭터,마블 코믹스,미스틱,Mystic,,
태그작품,캐릭터,마블 코믹스,로그,Rogue,,
태그작품,캐릭터,마블 코믹스,스칼렛 위치,Scarlet_Witch,,
태그작품,캐릭터,마블 코믹스,쉬헐크,She-Hulk,,
태그작품,캐릭터,마블 코믹스,실크,Silk,,
태그작품,캐릭터,마블 코믹스,스파이더 그웬,Spider-Gwen,,
태그작품,캐릭터,마블 코믹스,스톰,Storm,,
태그작품,캐릭터,마블 코믹스,발키리,Valkyrie,,
태그작품,캐릭터,마블 코믹스,화이트 폭스,White_Fox,,
태그작품,캐릭터,미래일기,우류 미루네,Minene_Uryuu,FALSE,
태그작품,캐릭터,미래일기,카스가노 츠바키,Tsubaki_Kasugano,FALSE,
태그작품,캐릭터,미래일기,가사이 유노,Yuno_Gasai,FALSE,
태그작품,캐릭터,방패용사 성공담,마르티 메르로마르크,Malty_S_Melromarc,FALSE,
태그작품,캐릭터,방패용사 성공담,메르티 메르로마르크,Melty_Q_Melromarc,FALSE,
태그작품,캐릭터,방패용사 성공담,라프타리아,Raphtalia,FALSE,
태그작품,캐릭터,벨제부브,쿠니에다 아오이,Aoi_Kunieda,FALSE,
태그작품,캐릭터,블랙 라군,발라레이카,Balalaika(Black_Lagoon),FALSE,
태그작품,캐릭터,블랙 라군,에다,Eda(Black_Lagoon),FALSE,
태그작품,캐릭터,블랙 라군,프레데리카 소여,Frederica_Sawyer(Black_Lagoon),FALSE,
태그작품,캐릭터,블랙 라군,헨젤과 그레텔,Hänsel_and_Gretel(Black_Lagoon),FALSE,
태그작품,캐릭터,블랙 라군,제인,Jane(Black_Lagoon),FALSE,
태그작품,캐릭터,블랙 라군,레비,Revy(Black_Lagoon),FALSE,
태그작품,캐릭터,블랙 라군,로베르타,Roberta(Black_Lagoon),FALSE,
태그작품,캐릭터,블랙 라군,쉔호아,Shenhua(Black_Lagoon),FALSE,
태그작품,캐릭터,블랙 불릿,아이하라 엔쥬,Enju_Aihara,FALSE,
태그작품,캐릭터,블랙 불릿,텐도 키사라,Kisara_Tendo,FALSE,
태그작품,캐릭터,블랙 불릿,성천자,Seitenshi,FALSE,
태그작품,캐릭터,블랙 불릿,티나 스프라우트,Tina_Sprout,FALSE,
태그작품,캐릭터,블랙 클로버,샬롯 로즈레이,Charlotte_Roselei,FALSE,
태그작품,캐릭터,블랙 클로버,메레오레오나 버밀리온,Mereoleona_Vermillion,FALSE,
태그작품,캐릭터,블랙 클로버,미모사 버밀리온,Mimosa_Vermillion,FALSE,
태그작품,캐릭터,블랙 클로버,노엘 실버,Noelle_Silva,FALSE,
태그작품,캐릭터,블리치,밤비에타 바스터바인,Bambietta_Basterbine,FALSE,
태그작품,캐릭터,블리치,캔디스 캐트닙,Candice_Catnipp,FALSE,
태그작품,캐릭터,블리치,지젤 쥬엘,Giselle_Gewelle,FALSE,
태그작품,캐릭터,블리치,우나기야 이쿠미,Ikumi_Unagiya,FALSE,
태그작품,캐릭터,블리치,코테츠 이사네,Isane_Kotetsu,FALSE,
태그작품,캐릭터,블리치,시바 쿠우카쿠,Kūkaku_Shiba,FALSE,
태그작품,캐릭터,블리치,릴토토 램퍼드,Liltotto_Lamperd,FALSE,
태그작품,캐릭터,블리치,리리넷 진저벅,Lilynette_Gingerbuck,FALSE,
태그작품,캐릭터,블리치,야도마루 리사,Lisa_Yadōmaru,FALSE,
태그작품,캐릭터,블리치,미니냐 매컬론,Meninas_McAllon,FALSE,
태그작품,캐릭터,블리치,이세 나아오,Nanao_Ise,FALSE,
태그작품,캐릭터,블리치,네리엘 투 오델슈방크,Nelliel_Tu_Odelschwanck,FALSE,
태그작품,캐릭터,블리치,쿠로츠지 네무,Nemu_Kurotsuchi,FALSE,
태그작품,캐릭터,블리치,이노우에 오히리메,Orihime_Inoue,FALSE,
태그작품,캐릭터,블리치,마츠모토 란기쿠,Rangiku_Matsumoto,FALSE,
태그작품,캐릭터,블리치,우노하나 레츠,Retsu_Unohana,FALSE,
태그작품,캐릭터,블리치,도쿠가미네 리루카,Riruka_Dokugamine,FALSE,
태그작품,캐릭터,블리치,쿠치키 루키아,Rukia_Kuchiki,FALSE,
태그작품,캐릭터,블리치,소이퐁,Suì-Fēng,FALSE,
태그작품,캐릭터,블리치,티아 할리벨,Tier_Harribel,FALSE,
태그작품,캐릭터,블리치,시호인 요루이치,Yoruichi_Shihōin,FALSE,
태그작품,캐릭터,새여동생 마왕의 계약자,하세가와 치사토,Chisato_Hasegawa,FALSE,
태그작품,캐릭터,새여동생 마왕의 계약자,노나카 쿠루미,Kurumi_Nonaka,FALSE,
태그작품,캐릭터,새여동생 마왕의 계약자,나루세 마리아,Maria_Naruse,FALSE,
태그작품,캐릭터,새여동생 마왕의 계약자,나루세 미오,Mio_Naruse,FALSE,
태그작품,캐릭터,새여동생 마왕의 계약자,노나카 유키,Yuki_Nonaka,FALSE,
태그작품,캐릭터,새여동생 마왕의 계약자,제스트,Zest,FALSE,
태그작품,캐릭터,소드 아트 온라인,앨리스 신서시스 서티,Alice_Zuberg,FALSE,
태그작품,캐릭터,소드 아트 온라인,아사다 시노,Asada_Shino,FALSE,
태그작품,캐릭터,소드 아트 온라인,아야노 케이코,Ayano_Keiko,FALSE,
태그작품,캐릭터,소드 아트 온라인,키리가하 스구하,Kirigaya_Suguha,FALSE,
태그작품,캐릭터,소드 아트 온라인,콘노 유우키,Konno_Yuuki,FALSE,
태그작품,캐릭터,소드 아트 온라인,시노자키 리카,Shinozaki_Rika,FALSE,
태그작품,캐릭터,소드 아트 온라인,유우키 아스나,Yuuki_Asuna,FALSE,
태그작품,캐릭터,소드 아트 온라인,키리코,kiriko,FALSE,
태그작품,캐릭터,소울 이터,아라크네 고르곤,Arachne_Gorgon,FALSE,
태그작품,캐릭터,소울 이터,블레어,Blair,FALSE,
태그작품,캐릭터,소울 이터,엘리자베스 톰슨,Elizabeth_Thompson,FALSE,
태그작품,캐릭터,소울 이터,마카 알반,Maka_Albarn,FALSE,
태그작품,캐릭터,소울 이터,마리에 묠니르,Marie_Mjolnir,FALSE,
태그작품,캐릭터,소울 이터,메두사 고르곤,Medusa_Gorgon,FALSE,
태그작품,캐릭터,소울 이터,패트리시아 톰슨,Patricia_Thompson,FALSE,
태그작품,캐릭터,소울 이터,나카츠카사 츠바키,Tsubaki_Nakatsukasa,FALSE,
태그작품,캐릭터,스트라이크 더 블러드,아이바 아사기,Asagi_Aiba,FALSE,
태그작품,캐릭터,스트라이크 더 블러드,아스타르테,Astarte,FALSE,
태그작품,캐릭터,스트라이크 더 블러드,아브로라 프로레스티나,Avrora_Florestina,FALSE,
태그작품,캐릭터,스트라이크 더 블러드,카나세 카논,Kanon_Kanase,FALSE,
태그작품,캐릭터,스트라이크 더 블러드,카스가야 시즈리 카스티엘라,Kasugaya_Shizuri_Castiella,FALSE,
태그작품,캐릭터,스트라이크 더 블러드,키사키 키아하,Kiriha_Kisaki,FALSE,
태그작품,캐릭터,스트라이크 더 블러드,라 포리아 리하바인,La_Folia_Rihavein,FALSE,
태그작품,캐릭터,스트라이크 더 블러드,아카츠키 나기사,Nagisa_Akatsuki,FALSE,
태그작품,캐릭터,스트라이크 더 블러드,미나미야 나츠키,Natsuki_Minamiya,FALSE,
태그작품,캐릭터,스트라이크 더 블러드,포리포니아 리하바인,Polifonia_Rihavein,FALSE,
태그작품,캐릭터,스트라이크 더 블러드,아카츠키 레이나,Reina_Akatsuki,FALSE,
태그작품,캐릭터,스트라이크 더 블러드,키라사카 사야카,Sayaka_Kirasaka,FALSE,
태그작품,캐릭터,스트라이크 더 블러드,토코요기 유마,Yuuma_Tokoyogi,FALSE,
태그작품,캐릭터,스파이 패밀리,아냐 포저,Anya_Forger,FALSE,
태그작품,캐릭터,스파이 패밀리,베키 블랙벨,Becky_Blackbell,FALSE,
태그작품,캐릭터,스파이 패밀리,피오나 프로스트,Fiona_Frost,FALSE,
태그작품,캐릭터,스파이 패밀리,실비아 셔우드,Sylvia_Sherwood,FALSE,
태그작품,캐릭터,스파이 패밀리,요르 포저,Yor_Forger,FALSE,
태그작품,캐릭터,식극의 소마,나키리 아리스,Alice_Nakiri,FALSE,
태그작품,캐릭터,식극의 소마,나키리 에리나,Erina_Nakiri,FALSE,
태그작품,캐릭터,식극의 소마,미토 이쿠미,Ikumi_Mito,FALSE,
태그작품,캐릭터,식극의 소마,나키리 레오노라,Leonora_Nakiri,FALSE,
태그작품,캐릭터,식극의 소마,타도코로 메구미,Megumi_Tadokoro,FALSE,
태그작품,캐릭터,식극의 소마,코바야시 린도,Rindō_Kobayashi,FALSE,
태그작품,캐릭터,식극의 소마,사사키 료코,Ryōko_Sakaki,FALSE,
태그작품,캐릭터,식극의 소마,요시노 유키,Yūki_Yoshino,FALSE,
태그작품,캐릭터,아카메가 벤다,아카메,Akame,FALSE,
태그작품,캐릭터,아카메가 벤다,첼시,Chelsea,FALSE,
태그작품,캐릭터,아카메가 벤다,에스데스,Esdeath,FALSE,
태그작품,캐릭터,아카메가 벤다,쿠로메,Kurome,FALSE,
태그작품,캐릭터,아카메가 벤다,레오네,Leone,FALSE,
태그작품,캐릭터,아카메가 벤다,마인,Mine,FALSE,
태그작품,캐릭터,아카메가 벤다,나젠다,Najenda,FALSE,
태그작품,캐릭터,아카메가 벤다,셰레,Sheele,FALSE,
태그작품,캐릭터,어떤 마술과학의 시리즈,아녜제 상크티스,Agnese_Sanctis,FALSE,
태그작품,캐릭터,어떤 마술과학의 시리즈,안젤레네,Angelene,FALSE,
태그작품,캐릭터,어떤 마술과학의 시리즈,프렌다 세이베른,Frenda_Seivelun,FALSE,
태그작품,캐릭터,어떤 마술과학의 시리즈,후키요세 세이리,Fukiyose_Seiri,FALSE,
태그작품,캐릭터,어떤 마술과학의 시리즈,호카제 준코,Hokaze_Junko,FALSE,
태그작품,캐릭터,어떤 마술과학의 시리즈,인덱스,Index_Librorum_Prohibitorum,FALSE,
태그작품,캐릭터,어떤 마술과학의 시리즈,이츠와,Itsuwa,FALSE,
태그작품,캐릭터,어떤 마술과학의 시리즈,카미조 시이나,Kamijou_Shiina,FALSE,
태그작품,캐릭터,어떤 마술과학의 시리즈,칸자키 카오리,Kanzaki_Kaori,FALSE,
태그작품,캐릭터,어떤 마술과학의 시리즈,카자키리 호우카,Kazakiri_Hyouka,FALSE,
태그작품,캐릭터,어떤 마술과학의 시리즈,라스트 오더,Last_Order,FALSE,
태그작품,캐릭터,어떤 마술과학의 시리즈,레이비니아 버드웨이,Leivinia_Birdway,FALSE,
태그작품,캐릭터,어떤 마술과학의 시리즈,루치아,Lucia,FALSE,
태그작품,캐릭터,어떤 마술과학의 시리즈,미사카 미코토,Misaka_Mikoto,FALSE,
태그작품,캐릭터,어떤 마술과학의 시리즈,미사카 미스즈,Misaka_Misuzu,FALSE,
태그작품,캐릭터,어떤 마술과학의 시리즈,무기노 시즈리,Mugino_Shizuri,FALSE,
태그작품,캐릭터,어떤 마술과학의 시리즈,올리비아 톰슨,Oriana_Thomson,FALSE,
태그작품,캐릭터,어떤 마술과학의 시리즈,올소라 아퀴나스,Orsola_Aquinas,FALSE,
태그작품,캐릭터,어떤 마술과학의 시리즈,오티누스,Othinus,FALSE,
태그작품,캐릭터,어떤 마술과학의 시리즈,사샤 크로이체프,Sasha_Kreutzev,FALSE,
태그작품,캐릭터,어떤 마술과학의 시리즈,쉐리 크롬웰,Sherry_Cromwell,FALSE,
태그작품,캐릭터,어떤 마술과학의 시리즈,쇼쿠호 미사키,Shokuhou_Misaki,FALSE,
태그작품,캐릭터,에반게리온,소류 아스카 그랑에이,Asuka_Langley_Soryu,FALSE,
태그작품,캐릭터,에반게리온,시키나미 아스카 그랑레이,Asuka_Shikinami_Langley,FALSE,
태그작품,캐릭터,에반게리온,마키나미 마리 일러스트리어스,Mari_Makinami_Illustrious,FALSE,
태그작품,캐릭터,에반게리온,카츠라기 미사토,Misato_Katsuragi,FALSE,
태그작품,캐릭터,에반게리온,아야나미 레이,Rei_Ayanami,FALSE,
태그작품,캐릭터,에반게리온,아카기 리츠코,Ritsuko_Akagi,FALSE,
태그작품,캐릭터,오버로드,알베도,Albedo,FALSE,
태그작품,캐릭터,오버로드,아우라 벨라 피오라,Aura_Bella_Fiora,FALSE,
태그작품,캐릭터,오버로드,클레만티느,Clementine,FALSE,
태그작품,캐릭터,오버로드,엔토마 바실리사 제타,Entoma_Vasilissa_Zeta,FALSE,
태그작품,캐릭터,오버로드,이블아이,Evileye,FALSE,
태그작품,캐릭터,오버로드,루푸스레기나 베타,Lupusregina_Beta,FALSE,
태그작품,캐릭터,오버로드,마레 벨로 피오레,Mare_Bello_Fiore,FALSE,
태그작품,캐릭터,오버로드,라나 티엘 샬드론 라일 바이셀프,Renner_Theiere_Chardelon_Ryle_Vaiself,FALSE,
태그작품,캐릭터,오버로드,샤르티아 블러드폴른,Shalltear_Bloodfallen,FALSE,
태그작품,캐릭터,오버로드,솔루션 엡실론,Solution_Epsilon,FALSE,
태그작품,캐릭터,오버로드,유리 알파,Yuri_Alpha,FALSE,
태그작품,캐릭터,원펀맨,캡틴 미즈키,Captain_Mizuki,FALSE,
태그작품,캐릭터,원펀맨,후부키,Fubuki,FALSE,
태그작품,캐릭터,원펀맨,괴인공주 도S,Monster_Princess_Do-S,FALSE,
태그작품,캐릭터,원펀맨,모스키토 걸,Mosquito_Girl,FALSE,
태그작품,캐릭터,원펀맨,사이코스,Psykos,FALSE,
태그작품,캐릭터,원펀맨,타츠마키,Tatsumaki,FALSE,
태그작품,캐릭터,원피스,베이비,5_Baby_5,FALSE,
태그작품,캐릭터,원피스,아인,Ain(One_Piece),FALSE,
태그작품,캐릭터,원피스,알비다,Alvida,FALSE,
태그작품,캐릭터,원피스,바카라,Baccarat,FALSE,
태그작품,캐릭터,원피스,벨메일,Bell-mère,FALSE,
태그작품,캐릭터,원피스,벨로 베티,Belo_Betty,FALSE,
태그작품,캐릭터,원피스,블랙 마리아,Black_Maria,FALSE,
태그작품,캐릭터,원피스,보아 행콕,Boa_hancock,FALSE,
태그작품,캐릭터,원피스,카리나,Carina,FALSE,
태그작품,캐릭터,원피스,샬롯 갈렛,Charlotte_Galette,FALSE,
태그작품,캐릭터,원피스,샬롯 푸딩,Charlotte_Pudding,FALSE,
태그작품,캐릭터,원피스,샬롯 스무디,Charlotte_Smoothie,FALSE,
태그작품,캐릭터,원피스,진라미,Ginrummy,FALSE,
태그작품,캐릭터,원피스,쥬얼리 보니,Jewelry_Bonney,FALSE,
태그작품,캐릭터,원피스,칼리파,Kalifa,FALSE,
태그작품,캐릭터,원피스,코즈키 토키,Kozuki_Toki,FALSE,
태그작품,캐릭터,원피스,쿠이나,Kuina,FALSE,
태그작품,캐릭터,원피스,마가렛,Marguerite(One_Piece),FALSE,
태그작품,캐릭터,원피스,모즈와 키위,Mozu_and_Kiwi,FALSE,
태그작품,캐릭터,원피스,나미,Nami(One_Piece),FALSE,
태그작품,캐릭터,원피스,니코 올리바,Nico_Olvia,FALSE,
태그작품,캐릭터,원피스,니코 로빈,Nico_Robin,FALSE,
태그작품,캐릭터,원피스,페로나,Perona,FALSE,
태그작품,캐릭터,원피스,레베카,Rebecca(One_Piece),FALSE,
태그작품,캐릭터,원피스,우타,Uta(One_Piece),FALSE,
태그작품,캐릭터,원피스,비올라,Viola(One_Piece),FALSE,
태그작품,캐릭터,원피스,코즈키,히요리_Kozuki_Hiyori,FALSE,
태그작품,캐릭터,유녀전기,메어리 수,Mary_Sue,FALSE,
태그작품,캐릭터,유녀전기,타냐 데그레챠프,Tanya_von_Degurechaff,FALSE,
태그작품,캐릭터,유녀전기,빅토리야 이바노프나 세레브랴코프,Viktoriya_Ivanovna_Serebryakov,FALSE,
태그작품,캐릭터,유희왕 시리즈,이자요이 아키,Akiza_Izinski,FALSE,
태그작품,캐릭터,유희왕 시리즈,텐죠인 아스카,Alexis_Rhodes,FALSE,
태그작품,캐릭터,유희왕 시리즈,미사카 안즈,Anzu_Mazaki,FALSE,
태그작품,캐릭터,유희왕 시리즈,쿠로사키 루리,Lulu_Obsidian,FALSE,
태그작품,캐릭터,유희왕 시리즈,린,Rin(Yu_Gi_Oh),FALSE,
태그작품,캐릭터,유희왕 시리즈,세레나,Serena(Yu_Gi_Oh),FALSE,
태그작품,캐릭터,유희왕 시리즈,미즈키 코토리,Zuzu_Boyle,FALSE,
태그작품,캐릭터,은혼,이마이 노부메,Imai_Nobume,FALSE,
태그작품,캐릭터,은혼,카구라,Kagura,FALSE,
태그작품,캐릭터,은혼,쿄우카,Kouka,FALSE,
태그작품,캐릭터,은혼,사루토비 아야메,Sarutobi_Ayame,FALSE,
태그작품,캐릭터,은혼,츠쿠요,Tsukuyo,FALSE,
태그작품,캐릭터,은혼,야큐 큐베,Yagyuu_Kyuubei,FALSE,
태그작품,캐릭터,이누야샤,카구라,Kagura(InuYasha),FALSE,
태그작품,캐릭터,이누야샤,칸나,Kanna(InuYasha),FALSE,
태그작품,캐릭터,이누야샤,키쿄우,Kikyo(InuYasha),FALSE,
태그작품,캐릭터,이누야샤,린,Rin(InuYasha),FALSE,
태그작품,캐릭터,이누야샤,산고,Sango(InuYasha),FALSE,
태그작품,캐릭터,이누야샤,셋쇼마루의 어머니,Sesshomaru's_mother(InuYasha),FALSE,
태그작품,캐릭터,인피니트 스트라토스,세실리아 올코트,Cecilia_Alcott,FALSE,
태그작품,캐릭터,인피니트 스트라토스,샤를로트 뒤노아,Charlotte_Dunois,FALSE,
태그작품,캐릭터,인피니트 스트라토스,오리무라 치후유,Chifuyu_Orimura,,
태그작품,캐릭터,인피니트 스트라토스,시노노노 호우키,Houki_Shinonono,FALSE,
태그작품,캐릭터,인피니트 스트라토스,시라시키 칸자시,Kanzashi_Sarashiki,FALSE,
태그작품,캐릭터,인피니트 스트라토스,라우라 보데비히,Laura_Bodewig,FALSE,
태그작품,캐릭터,인피니트 스트라토스,황 링인,Lingyin_Huang,,
태그작품,캐릭터,인피니트 스트라토스,오리무라 마도카,Madoka_Orimura,,
태그작품,캐릭터,인피니트 스트라토스,야마다 마야,Maya_Yamada,FALSE,
태그작품,캐릭터,인피니트 스트라토스,시노노노 타바네,Tabane_Shinonono,FALSE,
태그작품,캐릭터,인피니트 스트라토스,시라시키 타네나시,Tatenashi_Sarashiki,FALSE,
태그작품,캐릭터,일곱 개의 대죄,다이앤,Diane,,
태그작품,캐릭터,일곱 개의 대죄,엘리자베스 리오네스,Elizabeth_Liones,,
태그작품,캐릭터,일곱 개의 대죄,멀린,Merlin,,
태그작품,캐릭터,전생했더니 슬라임이었던 건에 대하여,사카구치 히나타,Hinata_Sakaguchi,,
태그작품,캐릭터,전생했더니 슬라임이었던 건에 대하여,루미너스 발렌타인,Luminous_Valentine,,
태그작품,캐릭터,전생했더니 슬라임이었던 건에 대하여,밀림 나바,Milim_Nava,,
태그작품,캐릭터,전생했더니 슬라임이었던 건에 대하여,시온,Shion,,
태그작품,캐릭터,전생했더니 슬라임이었던 건에 대하여,슈나,Shuna,,
태그작품,캐릭터,제로의 사역마,카틀레아 드 라 폰티누,Cattleya_de_La_Fontaine,,
태그작품,캐릭터,제로의 사역마,헨리에타,Henrietta,,
태그작품,캐릭터,제로의 사역마,카린느 드 라 발리에르,"Karin, Duchesse_de_La_Vallière",,
태그작품,캐릭터,제로의 사역마,퀴르케,Kirche,,
태그작품,캐릭터,제로의 사역마,루이즈 드 라 발리에르,Louise_de_La_Vallière,,
태그작품,캐릭터,제로의 사역마,시에스타,Siesta,,
태그작품,캐릭터,제로의 사역마,타바사,Tabitha,,
태그작품,캐릭터,제로의 사역마,티파니아,Tiffania,,
태그작품,캐릭터,죠죠의 기묘한 모험,에리나 펜들턴,Erina_Pendleton,,
태그작품,캐릭터,죠죠의 기묘한 모험,홀리 죠스타,Holly_Joestar,,
태그작품,캐릭터,죠죠의 기묘한 모험,쿠죠 죠린,Jolyne_Cujoh,,
태그작품,캐릭터,죠죠의 기묘한 모험,리사 리사,Lisa_Lisa,,
태그작품,캐릭터,죠죠의 기묘한 모험,머라이어,Mariah,,
태그작품,캐릭터,죠죠의 기묘한 모험,수지,Q_Suzie_Q,,
태그작품,캐릭터,진격의 거인,애니 레온한트,Annie_Leonhart,,
태그작품,캐릭터,진격의 거인,미사카 알반,Mikasa_Ackermann,,
태그작품,캐릭터,진격의 거인,피크 핑거,Pieck_Finger,,
태그작품,캐릭터,진격의 거인,사샤 브라우스,Sasha_Braus,,
태그작품,캐릭터,진격의 거인,유미르,Ymi,,
태그작품,캐릭터,천원돌파 그렌라간,데리 아다이,Darry_Adai,,
태그작품,캐릭터,천원돌파 그렌라간,키논 바치카,Kinon_Bachika,,
태그작품,캐릭터,천원돌파 그렌라간,키얄 바치카,Kiyal_Bachika,,
태그작품,캐릭터,천원돌파 그렌라간,키요 바치카,Kiyoh_Bachika,,
태그작품,캐릭터,천원돌파 그렌라간,레이트 호킨,Leyte_Jokin,,
태그작품,캐릭터,천원돌파 그렌라간,니아 텟페린,Nia_Teppelin,,
태그작품,캐릭터,천원돌파 그렌라간,요코 리트나,Yoko_Littner,,
태그작품,캐릭터,청의 엑소시스트,이즈모 카마키,Izumo_Kamiki,,
태그작품,캐릭터,청의 엑소시스트,모리야마 시에미,Shiemi_Moriyama,,
태그작품,캐릭터,청의 엑소시스트,키리가쿠레 슈라,Shura_Kirigakure,,
태그작품,캐릭터,청의 엑소시스트,유리 에긴,Yuri_Egin,,
태그작품,캐릭터,코드 기어스,코넬리아 리 브리타니아,Cornelia_li_Britannia,,
태그작품,캐릭터,코드 기어스,유페미아 리 브리타니아,Euphemia_li_Britannia,,
태그작품,캐릭터,코드 기어스,코우즈키 카렌,Kallen_Kōzuki,,
태그작품,캐릭터,코드 기어스,마리안느 비 브리타니아,Marianne_vi_Britannia,,
태그작품,캐릭터,코드 기어스,밀리 애쉬포드,Milly_Ashford,,
태그작품,캐릭터,코드 기어스,나나리 비 브리타니아,Nunnally_vi_Britannia,,
태그작품,캐릭터,코드 기어스,락샤타 챠우라,Rakshata_Chawla,,
태그작품,캐릭터,코드 기어스,비렛타 누,Villetta_Nu,,
태그작품,캐릭터,코바야시네 메이드래곤,이루루,Ilulu,,
태그작품,캐릭터,코바야시네 메이드래곤,칸나 카무이,Kanna_Kamui,,
태그작품,캐릭터,코바야시네 메이드래곤,코바야시,Kobayashi,,
태그작품,캐릭터,코바야시네 메이드래곤,케찰코아틀,Quetzalcoatl,,
태그작품,캐릭터,코바야시네 메이드래곤,토르,Tohru,,
태그작품,캐릭터,킬 라 킬,만칸쇼쿠 마코,Mako_Mankanshoku,,
태그작품,캐릭터,킬 라 킬,자쿠즈레 노논,Nonon_Jakuzure,,
태그작품,캐릭터,킬 라 킬,하리메 누이,Nui_Harime,,
태그작품,캐릭터,킬 라 킬,키류인 라교,Ragyō_Kiryūin,,
태그작품,캐릭터,킬 라 킬,마토이 류코,Ryūko_Matoi,,
태그작품,캐릭터,킬 라 킬,키류인 사츠키,Satsuki_Kiryūin,,
태그작품,캐릭터,트리니티 세븐,후도 아키오,Akio_Fudo,,
태그작품,캐릭터,트리니티 세븐,아나스타샤=L,Anastasia-L,,
태그작품,캐릭터,트리니티 세븐,칸나즈키 아린,Arin_Kannazuki,,
태그작품,캐릭터,트리니티 세븐,아스틸,Astil_Manuscript,,
태그작품,캐릭터,트리니티 세븐,카자마 레비,Levi_Kazama,,
태그작품,캐릭터,트리니티 세븐,리제로테 샬록,Lieselotte_Sherlock,,
태그작품,캐릭터,트리니티 세븐,아사미 리리스,Lilith_Asami,,
태그작품,캐릭터,트리니티 세븐,야마나 미라,Mira_Yamana,,
태그작품,캐릭터,트리니티 세븐,쿠라타 유이,Yui_Kurata,,
태그작품,캐릭터,트리니티 세븐,카스가,히지리_Hijiri_Kasuga,,
태그작품,캐릭터,팬티&스타킹,니삭스 데이먼,Kneesocks_Daemon,,
태그작품,캐릭터,팬티&스타킹,야나기 팬티,Panty_Anarchy,,
태그작품,캐릭터,팬티&스타킹,스캔티 데이먼,Scanty_Daemon,,
태그작품,캐릭터,팬티&스타킹,야나기 스타킹,Stocking_Anarchy,,
태그작품,캐릭터,페어리테일,아리에스,Aries,,
태그작품,캐릭터,페어리테일,비스카 무란,Biska_Mulan,,
태그작품,캐릭터,페어리테일,브랜디쉬 뮤,Brandish_μ,,
태그작품,캐릭터,페어리테일,카나 알베로나,Cana_Alberona,,
태그작품,캐릭터,페어리테일,디마리아 이에스타,Dimaria_C._Yesta,,
태그작품,캐릭터,페어리테일,엘자 스칼렛,Erza_Scarlet,,
태그작품,캐릭터,페어리테일,에버그린,Evergreen,,
태그작품,캐릭터,페어리테일,플레어 코로나,Flare_Corona,,
태그작품,캐릭터,페어리테일,아이린 베르세리온,Irene_Belserion,,
태그작품,캐릭터,페어리테일,제니 레이라이트,Jenny_Realight,,
태그작품,캐릭터,페어리테일,카구라 미카즈치,Kagura_Mikazuchi,,
태그작품,캐릭터,페어리테일,쿄우카,Kyoka,,
태그작품,캐릭터,페어리테일,레비 맥거딘,Levy_McGarden,,
태그작품,캐릭터,페어리테일,리사나 스트라우스,Lisanna_strauss,,
태그작품,캐릭터,페어리테일,루시 하트필리아,Lucy_Heartfilia,,
태그작품,캐릭터,페어리테일,메르디,Meredy,,
태그작품,캐릭터,페어리테일,밀리아나,Millianna,,
태그작품,캐릭터,페어리테일,미네브라 올랜드,Minerva_Orland,,
태그작품,캐릭터,페어리테일,미라젠 스트라우스,Mirajane_Strauss,,
태그작품,캐릭터,페어리테일,세이라,Seilah,,
태그작품,캐릭터,페어리테일,울티아 밀코비치,Ultear_Milkovich,,
태그작품,캐릭터,페어리테일,바르고,Virgo,,
태그작품,캐릭터,페어리테일,유키노 아그리아,Yukino_Agria,,
태그작품,캐릭터,페어리테일,소라노 아그리아,sorano_agria,,
태그작품,캐릭터,하이스쿨 dxd,아시아 아르젠토,Asia_Argento,,
태그작품,캐릭터,하이스쿨 dxd,개스퍼 블라디,Gaspar_Vladi,,
태그작품,캐릭터,하이스쿨 dxd,시도우 이리나,Irina_Shidou,,
태그작품,캐릭터,하이스쿨 dxd,토죠 코네코,Koneko_Toujou,,
태그작품,캐릭터,하이스쿨 dxd,쿠로카,Kuroka,,
태그작품,캐릭터,하이스쿨 dxd,오피스,Ouroboros_Dragon_Ophis,,
태그작품,캐릭터,하이스쿨 dxd,레이벨 피닉스,Ravel_Phoenix,,
태그작품,캐릭터,하이스쿨 dxd,리아스 그레모리,Rias_Gremory,,
태그작품,캐릭터,하이스쿨 dxd,제노비아 쿠아르타,Xenovia_Kwaruta,,
태그작품,캐릭터,하이스쿨 오브 더 데드,미야모토 레이,Rei_Miyamoto,,
태그작품,캐릭터,하이스쿨 오브 더 데드,미나미 리카,Rika_Minami,,
태그작품,캐릭터,하이스쿨 오브 더 데드,부스지마 사에코,Saeko_Busujima,,
태그작품,캐릭터,하이스쿨 오브 더 데드,타카기 사야,Saya_Takagi,,
태그작품,캐릭터,하이스쿨 오브 더 데드,마리카와 시즈카,Shizuka_Marikawa,,
태그작품,캐릭터,학전도시 아스터리스크,클로디아 엔필드,Claudia_Enfield,,
태그작품,캐릭터,학전도시 아스터리스크,율리스 리스펠드,Julis_Riessfeld,,
태그작품,캐릭터,학전도시 아스터리스크,사사미야 사야,Sasamiya_Saya,,
태그작품,캐릭터,학전도시 아스터리스크,실비아 류네하임,Sylvia_Lyyneheym,,
태그작품,캐릭터,학전도시 아스터리스크,토도 카린,Toudou_Kirin,,
태그작품,캐릭터,헌터x헌터,비스켓 크루거,Biscuit_Krueger,,
태그작품,캐릭터,헌터x헌터,마치 코마치네,Machi_Komacine,,
태그작품,캐릭터,헌터x헌터,네페르피트,Neferpitou,,
태그작품,캐릭터,헌터x헌터,파크노다,Pakunoda,,
태그작품,캐릭터,헌터x헌터,시즈크 무라사키,Shizuku_Murasaki,,
태그작품,캐릭터,헬싱,립 반 윙클,Rip_Van_Winkle,,
태그작품,캐릭터,헬싱,세라스 빅토리아,Seras_Victoria,,
태그작품,캐릭터,헬싱,잉테그라 헬싱,Wingates_Hellsing,,
태그작품,캐릭터,헬싱,타카기 유미에,Yumie_Takagi,,
